기준 직업,기준 직업 코드,비교 직업,비교 직업 코드,jaccard
의회의원·고위공무원 및 공공단체임원,11100,위관급 장교,250200,0.230769231
기업 고위임원,11200,무역 사무원,28100,0.1
기업 고위임원,11200,영어 강사,214106,0.111111111
기업 고위임원,11200,약사 및 한약사,303000,0.1
기업 고위임원,11200,"박물관,미술관,문화,역사,자연환경 등 각종 해설사",521303,0.125
기업 고위임원,11200,"박물관,미술관,문화,역사,자연환경 등 각종 해설사",521303,0.125
기업 고위임원,11200,주차 관리·안내원,562300,0.111111111
기업 고위임원,11200,제품·광고 영업원,612400,0.111111111
정부행정 관리자,12100,정부·공공행정 전문가,21000,0.375
정부행정 관리자,12100,회계사,23100,0.117647059
정부행정 관리자,12100,관세사,23301,0.25
정부행정 관리자,12100,조사 전문가,24200,0.142857143
정부행정 관리자,12100,관세행정 사무원,25200,0.375
정부행정 관리자,12100,경영 기획 사무원,26101,0.333333333
정부행정 관리자,12100,영업 기획·관리·지원 사무원,26103,0.333333333
정부행정 관리자,12100,총무 사무원 및 대학 행정조교,26300,0.315789474
정부행정 관리자,12100,신용 추심원(채권 관리원),32502,0.333333333
정부행정 관리자,12100,신용 추심원(채권 관리원),32502,0.333333333
정부행정 관리자,12100,중·고등학교 교사,212100,0.111111111
정부행정 관리자,12100,시민단체 활동가,231500,0.117647059
정부행정 관리자,12100,교도관 및 소년원학교 교사,240300,0.272727273
정부행정 관리자,12100,위관급 장교,250200,0.3
정부행정 관리자,12100,사진작가 및 사진사,414200,0.142857143
정부행정 관리자,12100,주차 관리·안내원,562300,0.1
경영지원 관리자,12200,정부·공공행정 전문가,21000,0.181818182
경영지원 관리자,12200,회계사,23100,0.1
경영지원 관리자,12200,관세사,23301,0.19047619
경영지원 관리자,12200,조사 전문가,24200,0.117647059
경영지원 관리자,12200,관세행정 사무원,25200,0.25
경영지원 관리자,12200,경영 기획 사무원,26101,0.25
경영지원 관리자,12200,영업 기획·관리·지원 사무원,26103,0.25
경영지원 관리자,12200,총무 사무원 및 대학 행정조교,26300,0.25
경영지원 관리자,12200,물류 사무원(물류 관리사),28308,0.125
경영지원 관리자,12200,신용 추심원(채권 관리원),32502,0.181818182
경영지원 관리자,12200,신용 추심원(채권 관리원),32502,0.181818182
경영지원 관리자,12200,위관급 장교,250200,0.272727273
경영지원 관리자,12200,사진작가 및 사진사,414200,0.133333333
마케팅·광고·홍보 관리자(부서장),12300,경영 기획 사무원,26101,0.125
마케팅·광고·홍보 관리자(부서장),12300,영업 기획·관리·지원 사무원,26103,0.125
마케팅·광고·홍보 관리자(부서장),12300,총무 사무원 및 대학 행정조교,26300,0.1
마케팅·광고·홍보 관리자(부서장),12300,제품 디자이너,415100,0.105263158
마케팅·광고·홍보 관리자(부서장),12300,오락시설 서비스원,524000,0.1
금융·보험 관리자(부서장),12400,위관급 장교,250200,0.2
연구 관리자,13100,제조·생산 관리자,16300,0.1
연구 관리자,13100,인문과학 연구원,110100,0.111111111
연구 관리자,13100,사회과학 연구원,110200,0.2
연구 관리자,13100,자연과학 연구원,121100,0.142857143
연구 관리자,13100,생명과학 연구원,122101,0.125
연구 관리자,13100,임업 및 산림 연구원 및 기술자,122103,0.142857143
연구 관리자,13100,인문과학 연구원,110100,0.111111111
연구 관리자,13100,사회과학 연구원,110200,0.2
연구 관리자,13100,자연과학 연구원,121100,0.142857143
연구 관리자,13100,생명과학 연구원,122101,0.125
연구 관리자,13100,임업 및 산림 연구원 및 기술자,122103,0.142857143
연구 관리자,13100,주차 관리·안내원,562300,0.166666667
교육 관리자(부서장),13200,정부·공공행정 전문가,21000,0.2
교육 관리자(부서장),13200,경영 기획 사무원,26101,0.1
교육 관리자(부서장),13200,영업 기획·관리·지원 사무원,26103,0.1
교육 관리자(부서장),13200,주차 관리·안내원,562300,0.2
법률·경찰·소방·교도 관리자,13300,병무행정 사무원,25300,0.181818182
법률·경찰·소방·교도 관리자,13300,자산 운용가(펀드매니저),31200,0.125
법률·경찰·소방·교도 관리자,13300,위관급 장교,250200,0.333333333
법률·경찰·소방·교도 관리자,13300,주차 관리·안내원,562300,0.111111111
보건·의료 관리자(부서장),13400,총무 사무원 및 대학 행정조교,26300,0.12
보건·의료 관리자(부서장),13400,위관급 장교,250200,0.1875
사회복지 관리자(부서장),13500,손해사정사,31500,1
사회복지 관리자(부서장),13500,사회복지사,231100,0.416666667
예술·디자인·방송 관리자(부서장),13600,감독 및 기술감독,416100,0.105263158
정보통신 관리자(부서장),13700,영업·판매 관리자,15100,0.125
정보통신 관리자(부서장),13700,경영 기획 사무원,26101,0.166666667
정보통신 관리자(부서장),13700,영업 기획·관리·지원 사무원,26103,0.166666667
정보통신 관리자(부서장),13700,총무 사무원 및 대학 행정조교,26300,0.125
정보통신 관리자(부서장),13700,신용 추심원(채권 관리원),32502,0.285714286
정보통신 관리자(부서장),13700,통신기기·장비 개발자 및 연구원,131201,0.25
정보통신 관리자(부서장),13700,신용 추심원(채권 관리원),32502,0.285714286
정보통신 관리자(부서장),13700,통신기기·장비 개발자 및 연구원,131201,0.25
정보통신 관리자(부서장),13700,소방공학 기술자 및 연구원,158200,0.1
정보통신 관리자(부서장),13700,주차 관리·안내원,562300,0.142857143
정보통신 관리자(부서장),13700,일반기계 조립원,816100,0.166666667
정보통신 관리자(부서장),13700,항공기·선박·철도기관차·전동차 등 운송장비 조립·검사원,817300,0.25
정보통신 관리자(부서장),13700,단조원,823101,0.230769231
정보통신 관리자(부서장),13700,시멘트·광물제품 생산기계 조작원,826300,0.1
정보통신 관리자(부서장),13700,사무용 전자기기 설치·수리원(컴퓨터 제외),832100,0.230769231
정보통신 관리자(부서장),13700,가전제품 설치·수리원,832200,0.285714286
정보통신 관리자(부서장),13700,핸드폰(휴대폰) 수리원,841200,0.125
정보통신 관리자(부서장),13700,고무·플라스틱 제품 조립원,852400,0.166666667
부동산·임대업 관리자,13901,행사 기획자,24400,0.166666667
부동산·임대업 관리자,13901,생산·품질 사무원,28400,0.166666667
부동산·임대업 관리자,13901,문리·어학 강사,214100,0.142857143
부동산·임대업 관리자,13901,기타 기술·기능 강사,214308,0.166666667
부동산·임대업 관리자,13901,예능 강사,214400,0.142857143
부동산·임대업 관리자,13901,주차 관리·안내원,562300,0.166666667
부동산·임대업 관리자,13901,선박 정비원,812200,0.133333333
부동산·임대업 관리자,13901,용접원,824100,0.166666667
미용·여행·숙박·스포츠 관리자,14100,여행상품 개발자,521100,0.222222222
미용·여행·숙박·스포츠 관리자,14100,오락시설 서비스원,524000,0.153846154
음식서비스 관리자,14200,안내·접수원 및 전화교환원,29100,0.5
음식서비스 관리자,14200,통역가(영어),411205,0.5
음식서비스 관리자,14200,바텐터(조주사),531600,0.166666667
음식서비스 관리자,14200,주차 관리·안내원,562300,0.2
영업·판매 관리자,15100,경영 기획 사무원,26101,0.153846154
영업·판매 관리자,15100,영업 기획·관리·지원 사무원,26103,0.153846154
영업·판매 관리자,15100,총무 사무원 및 대학 행정조교,26300,0.117647059
영업·판매 관리자,15100,신용 추심원(채권 관리원),32502,0.25
영업·판매 관리자,15100,통신기기·장비 개발자 및 연구원,131201,0.153846154
영업·판매 관리자,15100,신용 추심원(채권 관리원),32502,0.25
영업·판매 관리자,15100,통신기기·장비 개발자 및 연구원,131201,0.153846154
영업·판매 관리자,15100,산업 안전원 및 위험물 관리원,158400,0.111111111
영업·판매 관리자,15100,문리·어학 강사,214100,0.111111111
영업·판매 관리자,15100,기타 기술·기능 강사,214308,0.125
영업·판매 관리자,15100,예능 강사,214400,0.111111111
영업·판매 관리자,15100,사진작가 및 사진사,414200,0.166666667
영업·판매 관리자,15100,주차 관리·안내원,562300,0.125
영업·판매 관리자,15100,일반기계 조립원,816100,0.153846154
영업·판매 관리자,15100,항공기·선박·철도기관차·전동차 등 운송장비 조립·검사원,817300,0.222222222
영업·판매 관리자,15100,용접원,824100,0.125
영업·판매 관리자,15100,가전제품 설치·수리원,832200,0.25
영업·판매 관리자,15100,핸드폰(휴대폰) 수리원,841200,0.125
영업·판매 관리자,15100,전기 부품·제품 생산기계 조작원,835100,0.125
영업·판매 관리자,15100,전자 부품·제품 생산기계 조작원,835200,0.111111111
영업·판매 관리자,15100,통신장비 설치·수리원,842200,0.153846154
영업·판매 관리자,15100,고무·플라스틱 제품 조립원,852400,0.153846154
운송 관리자(부서장),15200,제조·생산 관리자,16300,0.181818182
운송 관리자(부서장),15200,문리·어학 강사,214100,0.111111111
운송 관리자(부서장),15200,기타 기술·기능 강사,214308,0.125
운송 관리자(부서장),15200,예능 강사,214400,0.111111111
운송 관리자(부서장),15200,주차 관리·안내원,562300,0.125
운송 관리자(부서장),15200,용접원,824100,0.125
건설·채굴 관리자(부서장),16100,수질 환경 기술자 및 연구원,155302,0.166666667
건설·채굴 관리자(부서장),16100,폐기물처리 기술자 및 연구원,155303,0.142857143
건설·채굴 관리자(부서장),16100,환경공학 시험원,155400,0.166666667
건설·채굴 관리자(부서장),16100,보건위생·환경 검사원,155500,0.1
건설·채굴 관리자(부서장),16100,주차 관리·안내원,562300,0.142857143
건설·채굴 관리자(부서장),16100,점토제품 생산기계 조작원,826200,0.166666667
건설·채굴 관리자(부서장),16100,시멘트·광물제품 생산기계 조작원,826300,0.111111111
건설·채굴 관리자(부서장),16100,재활용 처리장치·소각로 조작원,853200,0.142857143
전기·가스·수도 관리자(부서장),16200,신용 추심원(채권 관리원),32502,0.111111111
전기·가스·수도 관리자(부서장),16200,신용 추심원(채권 관리원),32502,0.111111111
전기·가스·수도 관리자(부서장),16200,가스·에너지공학 기술자 및 연구원,155100,0.428571429
전기·가스·수도 관리자(부서장),16200,가스·에너지 시험원,155200,0.375
전기·가스·수도 관리자(부서장),16200,폐기물처리 기술자 및 연구원,155303,0.111111111
전기·가스·수도 관리자(부서장),16200,소방공학 기술자 및 연구원,158200,0.166666667
전기·가스·수도 관리자(부서장),16200,비파괴 검사원,158500,0.1
전기·가스·수도 관리자(부서장),16200,주차 관리·안내원,562300,0.111111111
전기·가스·수도 관리자(부서장),16200,일반기계 조립원,816100,0.142857143
전기·가스·수도 관리자(부서장),16200,항공기·선박·철도기관차·전동차 등 운송장비 조립·검사원,817300,0.2
전기·가스·수도 관리자(부서장),16200,판금원(덕트원 포함),822100,0.111111111
전기·가스·수도 관리자(부서장),16200,시멘트·광물제품 생산기계 조작원,826300,0.166666667
전기·가스·수도 관리자(부서장),16200,가전제품 설치·수리원,832200,0.111111111
전기·가스·수도 관리자(부서장),16200,발전·배전 장치 조작원,833000,0.222222222
전기·가스·수도 관리자(부서장),16200,고무·플라스틱 제품 조립원,852400,0.142857143
전기·가스·수도 관리자(부서장),16200,재활용 처리장치·소각로 조작원,853200,0.111111111
제조·생산 관리자,16300,신용 추심원(채권 관리원),32502,0.1
제조·생산 관리자,16300,신용 추심원(채권 관리원),32502,0.1
제조·생산 관리자,16300,주차 관리·안내원,562300,0.1
정부·공공행정 전문가,21000,관세사,23301,0.142857143
정부·공공행정 전문가,21000,관세행정 사무원,25200,0.166666667
정부·공공행정 전문가,21000,경영 기획 사무원,26101,0.3
정부·공공행정 전문가,21000,영업 기획·관리·지원 사무원,26103,0.3
정부·공공행정 전문가,21000,총무 사무원 및 대학 행정조교,26300,0.214285714
정부·공공행정 전문가,21000,신용 추심원(채권 관리원),32502,0.4
정부·공공행정 전문가,21000,신용 추심원(채권 관리원),32502,0.4
정부·공공행정 전문가,21000,교도관 및 소년원학교 교사,240300,0.111111111
정부·공공행정 전문가,21000,주차 관리·안내원,562300,0.166666667
인사·노무 전문가,22201,관세사,23301,0.1
인사·노무 전문가,22201,조사 전문가,24200,0.125
인사·노무 전문가,22201,경영 기획 사무원,26101,0.266666667
인사·노무 전문가,22201,영업 기획·관리·지원 사무원,26103,0.266666667
인사·노무 전문가,22201,총무 사무원 및 대학 행정조교,26300,0.210526316
인사·노무 전문가,22201,신용 추심원(채권 관리원),32502,0.2
인사·노무 전문가,22201,신용 추심원(채권 관리원),32502,0.2
인사·노무 전문가,22201,주차 관리·안내원,562300,0.1
HRD·교육·훈련 전문가,22202,자산 운용가(펀드매니저),31200,0.133333333
HRD·교육·훈련 전문가,22202,위관급 장교,250200,0.333333333
HRD·교육·훈련 전문가,22202,주차 관리·안내원,562300,0.111111111
회계사,23100,세무사,23200,0.125
회계사,23100,경영 기획 사무원,26101,0.2
회계사,23100,영업 기획·관리·지원 사무원,26103,0.2
회계사,23100,총무 사무원 및 대학 행정조교,26300,0.166666667
회계사,23100,신용 추심원(채권 관리원),32502,0.133333333
회계사,23100,신용 추심원(채권 관리원),32502,0.133333333
회계사,23100,사진작가 및 사진사,414200,0.105263158
세무사,23200,관세사,23301,0.111111111
세무사,23200,관세행정 사무원,25200,0.222222222
세무사,23200,경영 기획 사무원,26101,0.142857143
세무사,23200,영업 기획·관리·지원 사무원,26103,0.142857143
세무사,23200,총무 사무원 및 대학 행정조교,26300,0.111111111
세무사,23200,신용 추심원(채권 관리원),32502,0.111111111
세무사,23200,신용 추심원(채권 관리원),32502,0.111111111
세무사,23200,주차 관리·안내원,562300,0.111111111
관세사,23301,조사 전문가,24200,0.1
관세사,23301,관세행정 사무원,25200,0.214285714
관세사,23301,경영 기획 사무원,26101,0.19047619
관세사,23301,영업 기획·관리·지원 사무원,26103,0.19047619
관세사,23301,총무 사무원 및 대학 행정조교,26300,0.16
관세사,23301,물류 사무원(물류 관리사),28308,0.115384615
관세사,23301,신용 추심원(채권 관리원),32502,0.2
관세사,23301,신용 추심원(채권 관리원),32502,0.2
관세사,23301,사진작가 및 사진사,414200,0.1
감정평가사,23401,경영 기획 사무원,26101,0.1875
감정평가사,23401,영업 기획·관리·지원 사무원,26103,0.1875
감정평가사,23401,총무 사무원 및 대학 행정조교,26300,0.15
조사 전문가,24200,전시·회의 기획자,24402,0.266666667
조사 전문가,24200,경영 기획 사무원,26101,0.117647059
조사 전문가,24200,영업 기획·관리·지원 사무원,26103,0.117647059
조사 전문가,24200,보험·금융상품 개발자,31300,0.125
조사 전문가,24200,신용 추심원(채권 관리원),32502,0.166666667
조사 전문가,24200,데이터 분석가(빅데이터 분석가),134102,0.105263158
조사 전문가,24200,신용 추심원(채권 관리원),32502,0.166666667
조사 전문가,24200,직업상담사,231400,0.125
조사 전문가,24200,교도관 및 소년원학교 교사,240300,0.133333333
조사 전문가,24200,UX/UI 디자이너,415504,0.266666667
상품 기획자,24301,미용사,511200,0.111111111
상품 기획자,24301,주차 관리·안내원,562300,0.166666667
행사 기획자,24400,생산·품질 사무원,28400,0.142857143
행사 기획자,24400,주차 관리·안내원,562300,0.142857143
전시·회의 기획자,24402,데이터 분석가(빅데이터 분석가),134102,0.166666667
전시·회의 기획자,24402,데이터 분석가(빅데이터 분석가),134102,0.136363636
전시·회의 기획자,24402,교도관 및 소년원학교 교사,240300,0.142857143
전시·회의 기획자,24402,번역가 및 통역가,411200,0.111111111
전시·회의 기획자,24402,사진작가 및 사진사,414200,0.133333333
전시·회의 기획자,24402,제품 디자이너,415100,0.105263158
전시·회의 기획자,24402,UX/UI 디자이너,415504,0.133333333
조세행정 사무원,25100,주차 관리·안내원,562300,0.142857143
관세행정 사무원,25200,경영 기획 사무원,26101,0.25
관세행정 사무원,25200,영업 기획·관리·지원 사무원,26103,0.25
관세행정 사무원,25200,총무 사무원 및 대학 행정조교,26300,0.1875
관세행정 사무원,25200,신용 추심원(채권 관리원),32502,0.166666667
관세행정 사무원,25200,신용 추심원(채권 관리원),32502,0.166666667
관세행정 사무원,25200,시민단체 활동가,231500,0.142857143
관세행정 사무원,25200,교도관 및 소년원학교 교사,240300,0.222222222
관세행정 사무원,25200,주차 관리·안내원,562300,0.142857143
병무행정 사무원,25300,주차 관리·안내원,562300,0.125
공공행정 사무원,25500,판사 및 검사,221100,0.142857143
공공행정 사무원,25500,주차 관리·안내원,562300,0.111111111
경영 기획 사무원,26101,영업 기획·관리·지원 사무원,26103,0.888888889
경영 기획 사무원,26101,총무 사무원 및 대학 행정조교,26300,0.615384615
경영 기획 사무원,26101,신용 추심원(채권 관리원),32502,0.222222222
경영 기획 사무원,26101,신용 추심원(채권 관리원),32502,0.222222222
경영 기획 사무원,26101,사진작가 및 사진사,414200,0.153846154
마케팅·광고·홍보·상품기획 사무원,26102,인사·교육·훈련 사무원,26200,0.333333333
마케팅·광고·홍보·상품기획 사무원,26102,총무 사무원 및 대학 행정조교,26300,0.166666667
마케팅·광고·홍보·상품기획 사무원,26102,감사 사무원,26400,1
마케팅·광고·홍보·상품기획 사무원,26102,무역 사무원,28100,0.4
마케팅·광고·홍보·상품기획 사무원,26102,도로 운송 사무원(배차사무 포함),28201,1
마케팅·광고·홍보·상품기획 사무원,26102,철도·지하철 운송 사무원,28202,1
마케팅·광고·홍보·상품기획 사무원,26102,항공 운송 사무원,28203,1
마케팅·광고·홍보·상품기획 사무원,26102,수상 운송 사무원(해상 운송),28204,1
마케팅·광고·홍보·상품기획 사무원,26102,자재·구매·물류 사무원,28300,0.333333333
마케팅·광고·홍보·상품기획 사무원,26102,사무 보조원(공공기관),29505,0.2
마케팅·광고·홍보·상품기획 사무원,26102,주차 관리·안내원,562300,0.2
마케팅·광고·홍보·상품기획 사무원,26102,단조원,823101,0.181818182
마케팅·광고·홍보·상품기획 사무원,26102,사무용 전자기기 설치·수리원(컴퓨터 제외),832100,0.181818182
마케팅·광고·홍보·상품기획 사무원,26102,핸드폰(휴대폰) 수리원,841200,0.166666667
영업 기획·관리·지원 사무원,26103,총무 사무원 및 대학 행정조교,26300,0.666666667
영업 기획·관리·지원 사무원,26103,신용 추심원(채권 관리원),32502,0.222222222
영업 기획·관리·지원 사무원,26103,신용 추심원(채권 관리원),32502,0.222222222
영업 기획·관리·지원 사무원,26103,사진작가 및 사진사,414200,0.153846154
인사·교육·훈련 사무원,26200,감사 사무원,26400,0.333333333
인사·교육·훈련 사무원,26200,무역 사무원,28100,0.166666667
인사·교육·훈련 사무원,26200,도로 운송 사무원(배차사무 포함),28201,0.333333333
인사·교육·훈련 사무원,26200,철도·지하철 운송 사무원,28202,0.333333333
인사·교육·훈련 사무원,26200,항공 운송 사무원,28203,0.333333333
인사·교육·훈련 사무원,26200,수상 운송 사무원(해상 운송),28204,0.333333333
인사·교육·훈련 사무원,26200,자재·구매·물류 사무원,28300,1
인사·교육·훈련 사무원,26200,사무 보조원(공공기관),29505,0.2
인사·교육·훈련 사무원,26200,주차 관리·안내원,562300,0.2
인사·교육·훈련 사무원,26200,단조원,823101,0.181818182
인사·교육·훈련 사무원,26200,사무용 전자기기 설치·수리원(컴퓨터 제외),832100,0.181818182
인사·교육·훈련 사무원,26200,핸드폰(휴대폰) 수리원,841200,0.166666667
총무 사무원 및 대학 행정조교,26300,감사 사무원,26400,0.166666667
총무 사무원 및 대학 행정조교,26300,무역 사무원,28100,0.133333333
총무 사무원 및 대학 행정조교,26300,도로 운송 사무원(배차사무 포함),28201,0.166666667
총무 사무원 및 대학 행정조교,26300,철도·지하철 운송 사무원,28202,0.166666667
총무 사무원 및 대학 행정조교,26300,항공 운송 사무원,28203,0.166666667
총무 사무원 및 대학 행정조교,26300,수상 운송 사무원(해상 운송),28204,0.166666667
총무 사무원 및 대학 행정조교,26300,신용 추심원(채권 관리원),32502,0.153846154
총무 사무원 및 대학 행정조교,26300,신용 추심원(채권 관리원),32502,0.153846154
총무 사무원 및 대학 행정조교,26300,위관급 장교,250200,0.214285714
총무 사무원 및 대학 행정조교,26300,사진작가 및 사진사,414200,0.117647059
감사 사무원,26400,무역 사무원,28100,0.4
감사 사무원,26400,도로 운송 사무원(배차사무 포함),28201,1
감사 사무원,26400,철도·지하철 운송 사무원,28202,1
감사 사무원,26400,항공 운송 사무원,28203,1
감사 사무원,26400,수상 운송 사무원(해상 운송),28204,1
감사 사무원,26400,자재·구매·물류 사무원,28300,0.333333333
감사 사무원,26400,사무 보조원(공공기관),29505,0.2
감사 사무원,26400,주차 관리·안내원,562300,0.2
감사 사무원,26400,단조원,823101,0.181818182
감사 사무원,26400,사무용 전자기기 설치·수리원(컴퓨터 제외),832100,0.181818182
감사 사무원,26400,핸드폰(휴대폰) 수리원,841200,0.166666667
회계 사무원,27100,선박 정비원,812200,0.1
경리 사무원,27200,네트워크 시스템 개발자,134200,0.1
경리 사무원,27200,주차 관리·안내원,562300,0.25
경리 사무원,27200,단조원,823101,0.1
경리 사무원,27200,사무용 전자기기 설치·수리원(컴퓨터 제외),832100,0.1
경리 사무원,27200,핸드폰(휴대폰) 수리원,841200,0.2
무역 사무원,28100,도로 운송 사무원(배차사무 포함),28201,0.4
무역 사무원,28100,철도·지하철 운송 사무원,28202,0.4
무역 사무원,28100,항공 운송 사무원,28203,0.4
무역 사무원,28100,수상 운송 사무원(해상 운송),28204,0.4
무역 사무원,28100,자재·구매·물류 사무원,28300,0.166666667
무역 사무원,28100,사무 보조원(공공기관),29505,0.125
무역 사무원,28100,출판·자료 편집 사무원,29902,0.1
무역 사무원,28100,네트워크 시스템 개발자,134200,0.142857143
무역 사무원,28100,약사 및 한약사,303000,0.111111111
무역 사무원,28100,"박물관,미술관,문화,역사,자연환경 등 각종 해설사",521303,0.142857143
무역 사무원,28100,"박물관,미술관,문화,역사,자연환경 등 각종 해설사",521303,0.142857143
무역 사무원,28100,주차 관리·안내원,562300,0.125
무역 사무원,28100,단조원,823101,0.142857143
무역 사무원,28100,사무용 전자기기 설치·수리원(컴퓨터 제외),832100,0.142857143
무역 사무원,28100,핸드폰(휴대폰) 수리원,841200,0.111111111
도로 운송 사무원(배차사무 포함),28201,철도·지하철 운송 사무원,28202,1
도로 운송 사무원(배차사무 포함),28201,항공 운송 사무원,28203,1
도로 운송 사무원(배차사무 포함),28201,수상 운송 사무원(해상 운송),28204,1
도로 운송 사무원(배차사무 포함),28201,자재·구매·물류 사무원,28300,0.333333333
도로 운송 사무원(배차사무 포함),28201,사무 보조원(공공기관),29505,0.2
도로 운송 사무원(배차사무 포함),28201,주차 관리·안내원,562300,0.2
도로 운송 사무원(배차사무 포함),28201,단조원,823101,0.181818182
도로 운송 사무원(배차사무 포함),28201,사무용 전자기기 설치·수리원(컴퓨터 제외),832100,0.181818182
도로 운송 사무원(배차사무 포함),28201,핸드폰(휴대폰) 수리원,841200,0.166666667
철도·지하철 운송 사무원,28202,항공 운송 사무원,28203,1
철도·지하철 운송 사무원,28202,수상 운송 사무원(해상 운송),28204,1
철도·지하철 운송 사무원,28202,자재·구매·물류 사무원,28300,0.333333333
철도·지하철 운송 사무원,28202,사무 보조원(공공기관),29505,0.2
철도·지하철 운송 사무원,28202,주차 관리·안내원,562300,0.2
철도·지하철 운송 사무원,28202,단조원,823101,0.181818182
철도·지하철 운송 사무원,28202,사무용 전자기기 설치·수리원(컴퓨터 제외),832100,0.181818182
철도·지하철 운송 사무원,28202,핸드폰(휴대폰) 수리원,841200,0.166666667
항공 운송 사무원,28203,수상 운송 사무원(해상 운송),28204,1
항공 운송 사무원,28203,자재·구매·물류 사무원,28300,0.333333333
항공 운송 사무원,28203,사무 보조원(공공기관),29505,0.2
항공 운송 사무원,28203,주차 관리·안내원,562300,0.2
항공 운송 사무원,28203,단조원,823101,0.181818182
항공 운송 사무원,28203,사무용 전자기기 설치·수리원(컴퓨터 제외),832100,0.181818182
항공 운송 사무원,28203,핸드폰(휴대폰) 수리원,841200,0.166666667
수상 운송 사무원(해상 운송),28204,자재·구매·물류 사무원,28300,0.333333333
수상 운송 사무원(해상 운송),28204,사무 보조원(공공기관),29505,0.2
수상 운송 사무원(해상 운송),28204,주차 관리·안내원,562300,0.2
수상 운송 사무원(해상 운송),28204,단조원,823101,0.181818182
수상 운송 사무원(해상 운송),28204,사무용 전자기기 설치·수리원(컴퓨터 제외),832100,0.181818182
수상 운송 사무원(해상 운송),28204,핸드폰(휴대폰) 수리원,841200,0.166666667
자재·구매·물류 사무원,28300,사무 보조원(공공기관),29505,0.2
자재·구매·물류 사무원,28300,주차 관리·안내원,562300,0.2
자재·구매·물류 사무원,28300,단조원,823101,0.181818182
자재·구매·물류 사무원,28300,사무용 전자기기 설치·수리원(컴퓨터 제외),832100,0.181818182
자재·구매·물류 사무원,28300,핸드폰(휴대폰) 수리원,841200,0.166666667
물류 사무원(물류 관리사),28308,신용 추심원(채권 관리원),32502,0.105263158
물류 사무원(물류 관리사),28308,신용 추심원(채권 관리원),32502,0.105263158
생산·품질 사무원,28400,주차 관리·안내원,562300,0.142857143
안내·접수원 및 전화교환원,29100,네트워크 시스템 개발자,134200,0.1
안내·접수원 및 전화교환원,29100,통역가(영어),411205,1
안내·접수원 및 전화교환원,29100,바텐터(조주사),531600,0.2
안내·접수원 및 전화교환원,29100,주차 관리·안내원,562300,0.25
고객 상담원 및 모니터 요원,29200,주차 관리·안내원,562300,0.166666667
고객 상담원 및 모니터 요원,29200,텔레마케터,613000,0.25
병원 코디네이터,29210,네트워크 시스템 개발자,134200,0.1
병원 코디네이터,29210,주차 관리·안내원,562300,0.25
통계 사무원,29301,자연과학 연구원,121100,0.142857143
통계 사무원,29301,자연과학 연구원,121100,0.142857143
통계 사무원,29301,주차 관리·안내원,562300,0.166666667
비서,29400,사무 보조원(공공기관),29505,0.333333333
비서,29400,건축구조 기술자,140202,0.2
비서,29400,주차 관리·안내원,562300,0.142857143
비서,29400,금속가공 제어장치 조작원(용광로·용해로·금속가열로),821100,0.125
비서,29400,단조원,823101,0.153846154
비서,29400,사무용 전자기기 설치·수리원(컴퓨터 제외),832100,0.153846154
비서,29400,핸드폰(휴대폰) 수리원,841200,0.125
사무 보조원(공공기관),29505,건축구조 기술자,140202,0.25
사무 보조원(공공기관),29505,주차 관리·안내원,562300,0.166666667
사무 보조원(공공기관),29505,금속가공 제어장치 조작원(용광로·용해로·금속가열로),821100,0.142857143
사무 보조원(공공기관),29505,단조원,823101,0.166666667
사무 보조원(공공기관),29505,사무용 전자기기 설치·수리원(컴퓨터 제외),832100,0.166666667
사무 보조원(공공기관),29505,핸드폰(휴대폰) 수리원,841200,0.142857143
출판·자료 편집 사무원,29902,컴퓨터 강사,214200,0.111111111
출판·자료 편집 사무원,29902,약사 및 한약사,303000,0.1
출판·자료 편집 사무원,29902,제품 디자이너,415100,0.117647059
출판·자료 편집 사무원,29902,"박물관,미술관,문화,역사,자연환경 등 각종 해설사",521303,0.125
출판·자료 편집 사무원,29902,"박물관,미술관,문화,역사,자연환경 등 각종 해설사",521303,0.125
출판·자료 편집 사무원,29902,오락시설 서비스원,524000,0.117647059
출판·자료 편집 사무원,29902,주차 관리·안내원,562300,0.111111111
출판·자료 편집 사무원,29902,단조원,823101,0.133333333
출판·자료 편집 사무원,29902,사무용 전자기기 설치·수리원(컴퓨터 제외),832100,0.133333333
출판·자료 편집 사무원,29902,핸드폰(휴대폰) 수리원,841200,0.1
행정사·문서대행자,29904,네트워크 시스템 개발자,134200,0.1
행정사·문서대행자,29904,주차 관리·안내원,562300,0.25
취업 알선원(직업소개소),29905,주차 관리·안내원,562300,0.2
투자·신용 분석가(애널리스트),31100,주차 관리·안내원,562300,0.1
투자·신용 분석가(애널리스트),31100,재활용 처리장치·소각로 조작원,853200,0.1
자산 운용가(펀드매니저),31200,위관급 장교,250200,0.25
자산 운용가(펀드매니저),31200,선박 정비원,812200,0.136363636
보험·금융상품 개발자,31300,자연과학 연구원,121100,0.166666667
보험·금융상품 개발자,31300,자연과학 연구원,121100,0.166666667
증권·외환 딜러,31400,신용 추심원(채권 관리원),32502,0.1
증권·외환 딜러,31400,신용 추심원(채권 관리원),32502,0.1
증권·외환 딜러,31400,주차 관리·안내원,562300,0.1
손해사정사,31500,사회복지사,231100,0.416666667
은행 사무원(출납창구 제외),32100,검표원,562400,0.1
은행 사무원(출납창구 제외),32100,미장공,702100,0.111111111
은행 사무원(출납창구 제외),32100,방수공,702200,0.111111111
은행 사무원(출납창구 제외),32100,타일·대리석 시공원,702401,0.1
보험 심사원 및 사무원,32300,신용 추심원(채권 관리원),32502,0.428571429
보험 심사원 및 사무원,32300,신용 추심원(채권 관리원),32502,0.428571429
보험 심사원 및 사무원,32300,번역가 및 통역가,411200,0.25
보험 심사원 및 사무원,32300,주차 관리·안내원,562300,0.142857143
보험 심사원 및 사무원,32300,해외 영업원,612200,0.1
출납창구 사무원,32400,신용 추심원(채권 관리원),32502,0.2
출납창구 사무원,32400,보험 모집인 및 투자 권유 대행인,33200,0.5
출납창구 사무원,32400,신용 추심원(채권 관리원),32502,0.2
출납창구 사무원,32400,보험 모집인 및 투자 권유 대행인,33200,0.5
출납창구 사무원,32400,주차 관리·안내원,562300,0.2
신용 추심원(채권 관리원),32502,교도관 및 소년원학교 교사,240300,0.111111111
신용 추심원(채권 관리원),32502,사진작가 및 사진사,414200,0.111111111
신용 추심원(채권 관리원),32502,주차 관리·안내원,562300,0.166666667
보험 모집인 및 투자 권유 대행인,33200,출납창구 사무원,32400,0.5
보험 모집인 및 투자 권유 대행인,33200,신용 추심원(채권 관리원),32502,0.25
보험 모집인 및 투자 권유 대행인,33200,네트워크 시스템 개발자,134200,0.1
보험 모집인 및 투자 권유 대행인,33200,주차 관리·안내원,562300,0.25
보험 대리인 및 중개인,33201,주차 관리·안내원,562300,0.166666667
보험 대리인 및 중개인,33201,단조원,823101,0.166666667
보험 대리인 및 중개인,33201,사무용 전자기기 설치·수리원(컴퓨터 제외),832100,0.166666667
보험 대리인 및 중개인,33201,핸드폰(휴대폰) 수리원,841200,0.142857143
인문과학 연구원,110100,생명과학 연구원,122101,0.1
인문과학 연구원,110100,임업 및 산림 연구원 및 기술자,122103,0.111111111
인문과학 연구원,110100,생명과학 연구원,122101,0.1
인문과학 연구원,110100,임업 및 산림 연구원 및 기술자,122103,0.111111111
인문과학 연구원,110100,비파괴 검사원,158500,0.1
인문과학 연구원,110100,주차 관리·안내원,562300,0.111111111
인문과학 연구원,110100,항공기·선박·철도기관차·전동차 등 운송장비 조립·검사원,817300,0.1
인문과학 연구원,110100,판금원(덕트원 포함),822100,0.111111111
인문과학 연구원,110100,재활용 처리장치·소각로 조작원,853200,0.111111111
사회과학 연구원,110200,자연과학 연구원,121100,0.6
사회과학 연구원,110200,생명과학 연구원,122101,0.125
사회과학 연구원,110200,임업 및 산림 연구원 및 기술자,122103,0.142857143
사회과학 연구원,110200,인문과학 연구원,110100,0.111111111
사회과학 연구원,110200,자연과학 연구원,121100,0.6
사회과학 연구원,110200,생명과학 연구원,122101,0.125
사회과학 연구원,110200,임업 및 산림 연구원 및 기술자,122103,0.142857143
사회과학 연구원,110200,주차 관리·안내원,562300,0.166666667
사회과학 연구원,110200,식품·담배 등급원,872300,0.1
자연과학 연구원,121100,생명과학 연구원,122101,0.1
자연과학 연구원,121100,임업 및 산림 연구원 및 기술자,122103,0.111111111
자연과학 연구원,121100,사회과학 연구원,110200,0.6
자연과학 연구원,121100,생명과학 연구원,122101,0.1
자연과학 연구원,121100,임업 및 산림 연구원 및 기술자,122103,0.111111111
자연과학 연구원,121100,주차 관리·안내원,562300,0.125
자연과학 연구원,121100,석유·천연가스 제조 제어장치 조작원,851101,0.1
자연과학 연구원,121100,화학물 가공장치 조작원,851200,0.142857143
생명과학 연구원,122101,임업 및 산림 연구원 및 기술자,122103,0.125
생명과학 연구원,122101,인문과학 연구원,110100,0.1
생명과학 연구원,122101,임업 및 산림 연구원 및 기술자,122103,0.125
생명과학 연구원,122101,주차 관리·안내원,562300,0.125
농어업 연구원 및 기술자,122102,임업 및 산림 연구원 및 기술자,122103,0.125
농어업 연구원 및 기술자,122102,인문과학 연구원,110100,0.2
농어업 연구원 및 기술자,122102,생명과학 연구원,122101,0.111111111
농어업 연구원 및 기술자,122102,임업 및 산림 연구원 및 기술자,122103,0.125
농어업 연구원 및 기술자,122102,미용사,511200,0.1
농어업 연구원 및 기술자,122102,주차 관리·안내원,562300,0.142857143
농어업 연구원 및 기술자,122102,타이어·고무제품 생산기계 조작원,852100,0.166666667
농어업 연구원 및 기술자,122102,플라스틱제품 생산기계 조작원,852200,0.111111111
농어업 연구원 및 기술자,122102,화학제품 생산기계 조작원(고무·플라스틱 제외),852300,0.125
임업 및 산림 연구원 및 기술자,122103,신용 추심원(채권 관리원),32502,0.142857143
임업 및 산림 연구원 및 기술자,122103,인문과학 연구원,110100,0.111111111
임업 및 산림 연구원 및 기술자,122103,생명과학 연구원,122101,0.125
임업 및 산림 연구원 및 기술자,122103,주차 관리·안내원,562300,0.142857143
생명과학 시험원,122200,주차 관리·안내원,562300,0.1
생명과학 시험원,122200,단조원,823101,0.125
생명과학 시험원,122200,사무용 전자기기 설치·수리원(컴퓨터 제외),832100,0.125
농림어업 시험원,122300,기술 영업원,612100,0.111111111
농림어업 시험원,122300,통신 기기·서비스 판매원,615200,0.111111111
농림어업 시험원,122300,상품 대여원,615400,0.111111111
농림어업 시험원,122300,노점 및 이동 판매원,615500,0.111111111
통신기기·장비 개발자 및 연구원,131201,통신기술 개발자 및 통신망 운영 기술자,131202,0.133333333
통신기기·장비 개발자 및 연구원,131201,통신기술 개발자 및 통신망 운영 기술자,131202,0.133333333
통신기기·장비 개발자 및 연구원,131201,일반기계 조립원,816100,0.142857143
통신기기·장비 개발자 및 연구원,131201,항공기·선박·철도기관차·전동차 등 운송장비 조립·검사원,817300,0.2
통신기기·장비 개발자 및 연구원,131201,단조원,823101,0.1875
통신기기·장비 개발자 및 연구원,131201,사무용 전자기기 설치·수리원(컴퓨터 제외),832100,0.1875
통신기기·장비 개발자 및 연구원,131201,가전제품 설치·수리원,832200,0.222222222
통신기기·장비 개발자 및 연구원,131201,고무·플라스틱 제품 조립원,852400,0.142857143
통신기술 개발자 및 통신망 운영 기술자,131202,데이터 분석가(빅데이터 분석가),134102,0.105263158
통신기술 개발자 및 통신망 운영 기술자,131202,통신·방송송출 장비 기사,136000,0.1
통신기술 개발자 및 통신망 운영 기술자,131202,통신기기·장비 개발자 및 연구원,131201,0.266666667
통신기술 개발자 및 통신망 운영 기술자,131202,네트워크 시스템 개발자,134200,0.111111111
통신기술 개발자 및 통신망 운영 기술자,131202,통신·방송송출 장비 기사,136000,0.1
통신기술 개발자 및 통신망 운영 기술자,131202,단조원,823101,0.166666667
통신기술 개발자 및 통신망 운영 기술자,131202,사무용 전자기기 설치·수리원(컴퓨터 제외),832100,0.166666667
컴퓨터시스템 설계 및 분석가,132002,IT 감리 전문가(시스템 감리),132003,0.181818182
컴퓨터시스템 설계 및 분석가,132002,응용 소프트웨어 개발자,133200,0.117647059
컴퓨터시스템 설계 및 분석가,132002,웹 개발자,133300,0.230769231
컴퓨터시스템 설계 및 분석가,132002,웹 기획자,133302,0.272727273
컴퓨터시스템 설계 및 분석가,132002,데이터 설계 및 프로그래머,134101,0.2
컴퓨터시스템 설계 및 분석가,132002,네트워크 시스템 개발자,134200,0.363636364
컴퓨터시스템 설계 및 분석가,132002,웹 운영자(홈페이지 관리자),134400,0.230769231
컴퓨터시스템 설계 및 분석가,132002,정보보안 전문가,135000,0.363636364
컴퓨터시스템 설계 및 분석가,132002,IT 감리 전문가(시스템 감리),132003,0.181818182
컴퓨터시스템 설계 및 분석가,132002,웹 개발자,133300,0.105263158
컴퓨터시스템 설계 및 분석가,132002,웹 기획자,133302,0.214285714
컴퓨터시스템 설계 및 분석가,132002,데이터 설계 및 프로그래머,134101,0.2
컴퓨터시스템 설계 및 분석가,132002,네트워크 시스템 개발자,134200,0.266666667
컴퓨터시스템 설계 및 분석가,132002,웹 운영자(홈페이지 관리자),134400,0.111111111
컴퓨터시스템 설계 및 분석가,132002,정보보안 전문가,135000,0.153846154
컴퓨터시스템 설계 및 분석가,132002,단조원,823101,0.1875
컴퓨터시스템 설계 및 분석가,132002,사무용 전자기기 설치·수리원(컴퓨터 제외),832100,0.1875
IT 감리 전문가(시스템 감리),132003,웹 기획자,133302,0.1
IT 감리 전문가(시스템 감리),132003,데이터 설계 및 프로그래머,134101,0.111111111
IT 감리 전문가(시스템 감리),132003,네트워크 시스템 개발자,134200,0.222222222
IT 감리 전문가(시스템 감리),132003,정보보안 전문가,135000,0.166666667
IT 감리 전문가(시스템 감리),132003,컴퓨터시스템 설계 및 분석가,132002,0.181818182
IT 감리 전문가(시스템 감리),132003,데이터 설계 및 프로그래머,134101,0.111111111
IT 감리 전문가(시스템 감리),132003,네트워크 시스템 개발자,134200,0.173913043
IT 감리 전문가(시스템 감리),132003,단조원,823101,0.166666667
IT 감리 전문가(시스템 감리),132003,사무용 전자기기 설치·수리원(컴퓨터 제외),832100,0.166666667
IT 감리 전문가(시스템 감리),132003,핸드폰(휴대폰) 수리원,841200,0.1
시스템 소프트웨어 개발자,133100,응용 소프트웨어 개발자,133200,0.214285714
시스템 소프트웨어 개발자,133100,데이터 설계 및 프로그래머,134101,0.111111111
시스템 소프트웨어 개발자,133100,정보보안 전문가,135000,0.1
시스템 소프트웨어 개발자,133100,응용 소프트웨어 개발자,133200,0.235294118
시스템 소프트웨어 개발자,133100,웹 개발자,133300,0.117647059
시스템 소프트웨어 개발자,133100,웹 기획자,133302,0.230769231
시스템 소프트웨어 개발자,133100,데이터 설계 및 프로그래머,134101,0.111111111
시스템 소프트웨어 개발자,133100,네트워크 시스템 개발자,134200,0.2
시스템 소프트웨어 개발자,133100,웹 운영자(홈페이지 관리자),134400,0.1875
시스템 소프트웨어 개발자,133100,화가 및 조각가,414100,0.111111111
시스템 소프트웨어 개발자,133100,주차 관리·안내원,562300,0.111111111
시스템 소프트웨어 개발자,133100,항공기·선박·철도기관차·전동차 등 운송장비 조립·검사원,817300,0.1
시스템 소프트웨어 개발자,133100,가전제품 설치·수리원,832200,0.111111111
응용 소프트웨어 개발자,133200,정보보안 전문가,135000,0.153846154
응용 소프트웨어 개발자,133200,웹 기획자,133302,0.111111111
응용 소프트웨어 개발자,133200,네트워크 시스템 개발자,134200,0.157894737
게임 프로그래머,133206,위관급 장교,250200,0.115384615
모바일 애플리케이션 프로그래머(앱·어플 개발),133207,네트워크 시스템 개발자,134200,0.142857143
모바일 애플리케이션 프로그래머(앱·어플 개발),133207,정보보안 전문가,135000,0.142857143
모바일 애플리케이션 프로그래머(앱·어플 개발),133207,주차 관리·안내원,562300,0.2
모바일 애플리케이션 프로그래머(앱·어플 개발),133207,금속 공작기계 조작원,813200,0.166666667
모바일 애플리케이션 프로그래머(앱·어플 개발),133207,자동조립라인·산업용로봇 조작원,815000,0.166666667
모바일 애플리케이션 프로그래머(앱·어플 개발),133207,핸드폰(휴대폰) 수리원,841200,0.166666667
웹 개발자,133300,웹 기획자,133302,0.75
웹 개발자,133300,네트워크 시스템 개발자,134200,0.25
웹 개발자,133300,웹 운영자(홈페이지 관리자),134400,1
웹 개발자,133300,정보보안 전문가,135000,0.272727273
웹 개발자,133300,컴퓨터시스템 설계 및 분석가,132002,0.230769231
웹 개발자,133300,IT 감리 전문가(시스템 감리),132003,0.181818182
웹 개발자,133300,웹 기획자,133302,0.416666667
웹 개발자,133300,네트워크 시스템 개발자,134200,0.1875
웹 개발자,133300,웹 운영자(홈페이지 관리자),134400,0.333333333
웹 개발자,133300,정보보안 전문가,135000,0.166666667
웹 기획자,133302,데이터 설계 및 프로그래머,134101,0.111111111
웹 기획자,133302,네트워크 시스템 개발자,134200,0.3
웹 기획자,133302,웹 운영자(홈페이지 관리자),134400,0.75
웹 기획자,133302,정보보안 전문가,135000,0.333333333
웹 기획자,133302,컴퓨터시스템 설계 및 분석가,132002,0.272727273
웹 기획자,133302,IT 감리 전문가(시스템 감리),132003,0.2
웹 기획자,133302,웹 개발자,133300,0.266666667
웹 기획자,133302,데이터 설계 및 프로그래머,134101,0.111111111
웹 기획자,133302,네트워크 시스템 개발자,134200,0.214285714
웹 기획자,133302,웹 운영자(홈페이지 관리자),134400,0.285714286
웹 기획자,133302,주차 관리·안내원,562300,0.111111111
웹 기획자,133302,금속 공작기계 조작원,813200,0.1
웹 기획자,133302,자동조립라인·산업용로봇 조작원,815000,0.1
IT 테스터 및 IT QA 전문가,133900,네트워크 시스템 개발자,134200,0.111111111
IT 테스터 및 IT QA 전문가,133900,오락시설 서비스원,524000,0.1
데이터 설계 및 프로그래머,134101,네트워크 시스템 개발자,134200,0.333333333
데이터 설계 및 프로그래머,134101,정보보안 전문가,135000,0.125
데이터 설계 및 프로그래머,134101,컴퓨터시스템 설계 및 분석가,132002,0.2
데이터 설계 및 프로그래머,134101,IT 감리 전문가(시스템 감리),132003,0.111111111
데이터 설계 및 프로그래머,134101,네트워크 시스템 개발자,134200,0.3
데이터 설계 및 프로그래머,134101,미용사,511200,0.111111111
데이터 설계 및 프로그래머,134101,주차 관리·안내원,562300,0.166666667
데이터 분석가(빅데이터 분석가),134102,통신기술 개발자 및 통신망 운영 기술자,131202,0.105263158
데이터 분석가(빅데이터 분석가),134102,사진작가 및 사진사,414200,0.111111111
네트워크 시스템 개발자,134200,정보보안 전문가,135000,0.25
네트워크 시스템 개발자,134200,컴퓨터시스템 설계 및 분석가,132002,0.181818182
네트워크 시스템 개발자,134200,IT 감리 전문가(시스템 감리),132003,0.166666667
네트워크 시스템 개발자,134200,데이터 설계 및 프로그래머,134101,0.333333333
네트워크 시스템 개발자,134200,정보보안 전문가,135000,0.1
네트워크 시스템 개발자,134200,주차 관리·안내원,562300,0.125
네트워크 시스템 개발자,134200,금속 공작기계 조작원,813200,0.125
네트워크 시스템 개발자,134200,자동조립라인·산업용로봇 조작원,815000,0.125
정보시스템 운영자,134301,정보보안 전문가,135000,0.222222222
정보시스템 운영자,134301,컴퓨터시스템 설계 및 분석가,132002,0.272727273
정보시스템 운영자,134301,IT 감리 전문가(시스템 감리),132003,0.1
정보시스템 운영자,134301,데이터 설계 및 프로그래머,134101,0.142857143
정보시스템 운영자,134301,네트워크 시스템 개발자,134200,0.153846154
정보시스템 운영자,134301,정보보안 전문가,135000,0.1
정보시스템 운영자,134301,미용사,511200,0.1
정보시스템 운영자,134301,주차 관리·안내원,562300,0.142857143
정보시스템 운영자,134301,단조원,823101,0.153846154
정보시스템 운영자,134301,사무용 전자기기 설치·수리원(컴퓨터 제외),832100,0.153846154
정보시스템 운영자,134301,핸드폰(휴대폰) 수리원,841200,0.125
네트워크 관리자(클라우딩컴퓨터운영관리자),134302,정보보안 전문가,135000,0.125
네트워크 관리자(클라우딩컴퓨터운영관리자),134302,네트워크 시스템 개발자,134200,0.166666667
네트워크 관리자(클라우딩컴퓨터운영관리자),134302,정보보안 전문가,135000,0.111111111
네트워크 관리자(클라우딩컴퓨터운영관리자),134302,소방공학 기술자 및 연구원,158200,0.111111111
네트워크 관리자(클라우딩컴퓨터운영관리자),134302,문리·어학 강사,214100,0.142857143
네트워크 관리자(클라우딩컴퓨터운영관리자),134302,기타 기술·기능 강사,214308,0.166666667
네트워크 관리자(클라우딩컴퓨터운영관리자),134302,예능 강사,214400,0.142857143
네트워크 관리자(클라우딩컴퓨터운영관리자),134302,주차 관리·안내원,562300,0.166666667
네트워크 관리자(클라우딩컴퓨터운영관리자),134302,용접원,824100,0.333333333
IT 기술지원 전문가,134303,"소음진동, 토양 등 기타 환경 기술자 및 연구원",155305,0.133333333
IT 기술지원 전문가,134303,용접원,824100,0.2
웹 운영자(홈페이지 관리자),134400,정보보안 전문가,135000,0.272727273
웹 운영자(홈페이지 관리자),134400,컴퓨터시스템 설계 및 분석가,132002,0.230769231
웹 운영자(홈페이지 관리자),134400,IT 감리 전문가(시스템 감리),132003,0.181818182
웹 운영자(홈페이지 관리자),134400,웹 개발자,133300,0.3125
웹 운영자(홈페이지 관리자),134400,웹 기획자,133302,0.416666667
웹 운영자(홈페이지 관리자),134400,네트워크 시스템 개발자,134200,0.1875
웹 운영자(홈페이지 관리자),134400,정보보안 전문가,135000,0.166666667
정보보안 전문가,135000,컴퓨터시스템 설계 및 분석가,132002,0.181818182
정보보안 전문가,135000,IT 감리 전문가(시스템 감리),132003,0.166666667
정보보안 전문가,135000,웹 개발자,133300,0.125
정보보안 전문가,135000,웹 기획자,133302,0.166666667
정보보안 전문가,135000,네트워크 시스템 개발자,134200,0.153846154
정보보안 전문가,135000,웹 운영자(홈페이지 관리자),134400,0.133333333
정보보안 전문가,135000,주차 관리·안내원,562300,0.125
정보보안 전문가,135000,금속 공작기계 조작원,813200,0.125
정보보안 전문가,135000,자동조립라인·산업용로봇 조작원,815000,0.125
통신·방송송출 장비 기사,136000,통신기기·장비 개발자 및 연구원,131201,0.1
통신·방송송출 장비 기사,136000,통신기술 개발자 및 통신망 운영 기술자,131202,0.1
통신·방송송출 장비 기사,136000,화가 및 조각가,414100,0.2
통신·방송송출 장비 기사,136000,경기 심판 및 경기 기록원,420300,0.111111111
통신·방송송출 장비 기사,136000,주차 관리·안내원,562300,0.2
건축가(건축설계 포함),140100,"건축시공 기술자(건축견적, 공무포함)",140203,0.3125
건축가(건축설계 포함),140100,"건축시공 기술자(건축견적, 공무포함)",140203,0.3125
건축가(건축설계 포함),140100,소방공학 기술자 및 연구원,158200,0.142857143
건축가(건축설계 포함),140100,용접원,824100,0.181818182
건축구조 기술자,140202,네트워크 시스템 개발자,134200,0.1
건축구조 기술자,140202,"소음진동, 토양 등 기타 환경 기술자 및 연구원",155305,0.1
건축구조 기술자,140202,주차 관리·안내원,562300,0.25
건축구조 기술자,140202,금속가공 제어장치 조작원(용광로·용해로·금속가열로),821100,0.166666667
"건축시공 기술자(건축견적, 공무포함)",140203,네트워크 시스템 개발자,134200,0.1
"건축시공 기술자(건축견적, 공무포함)",140203,건축가(건축설계 포함),140100,0.1875
"건축시공 기술자(건축견적, 공무포함)",140203,소방공학 기술자 및 연구원,158200,0.117647059
"건축시공 기술자(건축견적, 공무포함)",140203,단조원,823101,0.1
"건축시공 기술자(건축견적, 공무포함)",140203,사무용 전자기기 설치·수리원(컴퓨터 제외),832100,0.1
보험 심사원 및 사무원,32300,신용 추심원(채권 관리원),32502,0.428571429
보험 심사원 및 사무원,32300,번역가 및 통역가,411200,0.25
보험 심사원 및 사무원,32300,주차 관리·안내원,562300,0.142857143
보험 심사원 및 사무원,32300,해외 영업원,612200,0.1
출납창구 사무원,32400,신용 추심원(채권 관리원),32502,0.2
출납창구 사무원,32400,보험 모집인 및 투자 권유 대행인,33200,0.5
출납창구 사무원,32400,주차 관리·안내원,562300,0.2
신용 추심원(채권 관리원),32502,교도관 및 소년원학교 교사,240300,0.111111111
신용 추심원(채권 관리원),32502,사진작가 및 사진사,414200,0.111111111
신용 추심원(채권 관리원),32502,주차 관리·안내원,562300,0.166666667
보험 모집인 및 투자 권유 대행인,33200,네트워크 시스템 개발자,134200,0.1
보험 모집인 및 투자 권유 대행인,33200,주차 관리·안내원,562300,0.25
보험 대리인 및 중개인,33201,주차 관리·안내원,562300,0.166666667
보험 대리인 및 중개인,33201,단조원,823101,0.166666667
보험 대리인 및 중개인,33201,사무용 전자기기 설치·수리원(컴퓨터 제외),832100,0.166666667
보험 대리인 및 중개인,33201,핸드폰(휴대폰) 수리원,841200,0.142857143
인문과학 연구원,110100,생명과학 연구원,122101,0.1
인문과학 연구원,110100,임업 및 산림 연구원 및 기술자,122103,0.111111111
인문과학 연구원,110100,비파괴 검사원,158500,0.1
인문과학 연구원,110100,주차 관리·안내원,562300,0.111111111
인문과학 연구원,110100,항공기·선박·철도기관차·전동차 등 운송장비 조립·검사원,817300,0.1
인문과학 연구원,110100,판금원(덕트원 포함),822100,0.111111111
인문과학 연구원,110100,재활용 처리장치·소각로 조작원,853200,0.111111111
사회과학 연구원,110200,자연과학 연구원,121100,0.6
사회과학 연구원,110200,생명과학 연구원,122101,0.125
사회과학 연구원,110200,임업 및 산림 연구원 및 기술자,122103,0.142857143
사회과학 연구원,110200,주차 관리·안내원,562300,0.166666667
사회과학 연구원,110200,식품·담배 등급원,872300,0.1
자연과학 연구원,121100,생명과학 연구원,122101,0.1
자연과학 연구원,121100,임업 및 산림 연구원 및 기술자,122103,0.111111111
자연과학 연구원,121100,주차 관리·안내원,562300,0.125
자연과학 연구원,121100,석유·천연가스 제조 제어장치 조작원,851101,0.1
자연과학 연구원,121100,화학물 가공장치 조작원,851200,0.142857143
생명과학 연구원,122101,임업 및 산림 연구원 및 기술자,122103,0.125
생명과학 연구원,122101,주차 관리·안내원,562300,0.125
농어업 연구원 및 기술자,122102,임업 및 산림 연구원 및 기술자,122103,0.125
농어업 연구원 및 기술자,122102,미용사,511200,0.1
농어업 연구원 및 기술자,122102,주차 관리·안내원,562300,0.142857143
농어업 연구원 및 기술자,122102,타이어·고무제품 생산기계 조작원,852100,0.166666667
농어업 연구원 및 기술자,122102,플라스틱제품 생산기계 조작원,852200,0.111111111
농어업 연구원 및 기술자,122102,화학제품 생산기계 조작원(고무·플라스틱 제외),852300,0.125
임업 및 산림 연구원 및 기술자,122103,주차 관리·안내원,562300,0.142857143
생명과학 시험원,122200,주차 관리·안내원,562300,0.1
생명과학 시험원,122200,단조원,823101,0.125
생명과학 시험원,122200,사무용 전자기기 설치·수리원(컴퓨터 제외),832100,0.125
농림어업 시험원,122300,기술 영업원,612100,0.111111111
농림어업 시험원,122300,통신 기기·서비스 판매원,615200,0.111111111
농림어업 시험원,122300,상품 대여원,615400,0.111111111
농림어업 시험원,122300,노점 및 이동 판매원,615500,0.111111111
통신기기·장비 개발자 및 연구원,131201,통신기술 개발자 및 통신망 운영 기술자,131202,0.133333333
통신기기·장비 개발자 및 연구원,131201,일반기계 조립원,816100,0.142857143
통신기기·장비 개발자 및 연구원,131201,항공기·선박·철도기관차·전동차 등 운송장비 조립·검사원,817300,0.2
통신기기·장비 개발자 및 연구원,131201,단조원,823101,0.1875
통신기기·장비 개발자 및 연구원,131201,사무용 전자기기 설치·수리원(컴퓨터 제외),832100,0.1875
통신기기·장비 개발자 및 연구원,131201,가전제품 설치·수리원,832200,0.222222222
통신기기·장비 개발자 및 연구원,131201,고무·플라스틱 제품 조립원,852400,0.142857143
통신기술 개발자 및 통신망 운영 기술자,131202,네트워크 시스템 개발자,134200,0.111111111
통신기술 개발자 및 통신망 운영 기술자,131202,통신·방송송출 장비 기사,136000,0.1
통신기술 개발자 및 통신망 운영 기술자,131202,단조원,823101,0.166666667
통신기술 개발자 및 통신망 운영 기술자,131202,사무용 전자기기 설치·수리원(컴퓨터 제외),832100,0.166666667
컴퓨터시스템 설계 및 분석가,132002,IT 감리 전문가(시스템 감리),132003,0.181818182
컴퓨터시스템 설계 및 분석가,132002,웹 개발자,133300,0.105263158
컴퓨터시스템 설계 및 분석가,132002,웹 기획자,133302,0.214285714
컴퓨터시스템 설계 및 분석가,132002,데이터 설계 및 프로그래머,134101,0.2
컴퓨터시스템 설계 및 분석가,132002,네트워크 시스템 개발자,134200,0.266666667
컴퓨터시스템 설계 및 분석가,132002,웹 운영자(홈페이지 관리자),134400,0.111111111
컴퓨터시스템 설계 및 분석가,132002,정보보안 전문가,135000,0.153846154
컴퓨터시스템 설계 및 분석가,132002,단조원,823101,0.1875
컴퓨터시스템 설계 및 분석가,132002,사무용 전자기기 설치·수리원(컴퓨터 제외),832100,0.1875
IT 감리 전문가(시스템 감리),132003,데이터 설계 및 프로그래머,134101,0.111111111
IT 감리 전문가(시스템 감리),132003,네트워크 시스템 개발자,134200,0.173913043
IT 감리 전문가(시스템 감리),132003,단조원,823101,0.166666667
IT 감리 전문가(시스템 감리),132003,사무용 전자기기 설치·수리원(컴퓨터 제외),832100,0.166666667
IT 감리 전문가(시스템 감리),132003,핸드폰(휴대폰) 수리원,841200,0.1
시스템 소프트웨어 개발자,133100,응용 소프트웨어 개발자,133200,0.375
시스템 소프트웨어 개발자,133100,게임 프로그래머,133206,0.142857143
시스템 소프트웨어 개발자,133100,웹 기획자,133302,0.2
시스템 소프트웨어 개발자,133100,네트워크 시스템 개발자,134200,0.25
시스템 소프트웨어 개발자,133100,웹 운영자(홈페이지 관리자),134400,0.166666667
응용 소프트웨어 개발자,133200,모바일 애플리케이션 프로그래머(앱·어플 개발),133207,0.105263158
응용 소프트웨어 개발자,133200,웹 기획자,133302,0.166666667
응용 소프트웨어 개발자,133200,네트워크 시스템 개발자,134200,0.210526316
응용 소프트웨어 개발자,133200,웹 운영자(홈페이지 관리자),134400,0.2
게임 프로그래머,133206,네트워크 시스템 개발자,134200,0.107142857
게임 프로그래머,133206,위관급 장교,250200,0.12
모바일 애플리케이션 프로그래머(앱·어플 개발),133207,웹 기획자,133302,0.117647059
모바일 애플리케이션 프로그래머(앱·어플 개발),133207,네트워크 시스템 개발자,134200,0.111111111
모바일 애플리케이션 프로그래머(앱·어플 개발),133207,웹 운영자(홈페이지 관리자),134400,0.15
웹 개발자,133300,웹 기획자,133302,0.352941176
웹 개발자,133300,네트워크 시스템 개발자,134200,0.19047619
웹 개발자,133300,웹 운영자(홈페이지 관리자),134400,0.625
웹 개발자,133300,정보보안 전문가,135000,0.117647059
웹 기획자,133302,네트워크 시스템 개발자,134200,0.333333333
웹 기획자,133302,웹 운영자(홈페이지 관리자),134400,0.5
IT 테스터 및 IT QA 전문가,133900,네트워크 시스템 개발자,134200,0.111111111
IT 테스터 및 IT QA 전문가,133900,오락시설 서비스원,524000,0.1
데이터 설계 및 프로그래머,134101,네트워크 시스템 개발자,134200,0.3
데이터 설계 및 프로그래머,134101,미용사,511200,0.111111111
데이터 설계 및 프로그래머,134101,주차 관리·안내원,562300,0.166666667
네트워크 시스템 개발자,134200,웹 운영자(홈페이지 관리자),134400,0.166666667
정보시스템 운영자,134301,정보보안 전문가,135000,0.1
정보시스템 운영자,134301,미용사,511200,0.1
정보시스템 운영자,134301,주차 관리·안내원,562300,0.142857143
정보시스템 운영자,134301,단조원,823101,0.153846154
정보시스템 운영자,134301,사무용 전자기기 설치·수리원(컴퓨터 제외),832100,0.153846154
정보시스템 운영자,134301,핸드폰(휴대폰) 수리원,841200,0.125
네트워크 관리자(클라우딩컴퓨터운영관리자),134302,정보보안 전문가,135000,0.111111111
네트워크 관리자(클라우딩컴퓨터운영관리자),134302,소방공학 기술자 및 연구원,158200,0.111111111
네트워크 관리자(클라우딩컴퓨터운영관리자),134302,문리·어학 강사,214100,0.142857143
네트워크 관리자(클라우딩컴퓨터운영관리자),134302,기타 기술·기능 강사,214308,0.166666667
네트워크 관리자(클라우딩컴퓨터운영관리자),134302,예능 강사,214400,0.142857143
네트워크 관리자(클라우딩컴퓨터운영관리자),134302,주차 관리·안내원,562300,0.166666667
네트워크 관리자(클라우딩컴퓨터운영관리자),134302,용접원,824100,0.333333333
IT 기술지원 전문가,134303,"소음진동, 토양 등 기타 환경 기술자 및 연구원",155305,0.133333333
IT 기술지원 전문가,134303,용접원,824100,0.2
웹 운영자(홈페이지 관리자),134400,정보보안 전문가,135000,0.125
정보보안 전문가,135000,주차 관리·안내원,562300,0.111111111
통신·방송송출 장비 기사,136000,화가 및 조각가,414100,0.2
통신·방송송출 장비 기사,136000,경기 심판 및 경기 기록원,420300,0.111111111
통신·방송송출 장비 기사,136000,주차 관리·안내원,562300,0.2
건축가(건축설계 포함),140100,"건축시공 기술자(건축견적, 공무포함)",140203,0.3125
건축가(건축설계 포함),140100,소방공학 기술자 및 연구원,158200,0.142857143
건축가(건축설계 포함),140100,용접원,824100,0.181818182
건축구조 기술자,140202,주차 관리·안내원,562300,0.2
건축구조 기술자,140202,금속가공 제어장치 조작원(용광로·용해로·금속가열로),821100,0.166666667
"건축시공 기술자(건축견적, 공무포함)",140203,소방공학 기술자 및 연구원,158200,0.117647059
"건축시공 기술자(건축견적, 공무포함)",140203,단조원,823101,0.1
"건축시공 기술자(건축견적, 공무포함)",140203,사무용 전자기기 설치·수리원(컴퓨터 제외),832100,0.1
화학공학 시험원,154200,폐기물처리 기술자 및 연구원,155303,0.133333333
화학공학 시험원,154200,변리사,221400,0.107142857
화학공학 시험원,154200,석유·천연가스 제조 제어장치 조작원,851101,0.333333333
화학공학 시험원,154200,화학물 가공장치 조작원,851200,0.25
가스·에너지공학 기술자 및 연구원,155100,가스·에너지 시험원,155200,0.285714286
가스·에너지공학 기술자 및 연구원,155100,폐기물처리 기술자 및 연구원,155303,0.142857143
가스·에너지공학 기술자 및 연구원,155100,소방공학 기술자 및 연구원,158200,0.2
가스·에너지공학 기술자 및 연구원,155100,산업 안전원 및 위험물 관리원,158400,0.111111111
가스·에너지공학 기술자 및 연구원,155100,비파괴 검사원,158500,0.25
가스·에너지공학 기술자 및 연구원,155100,주차 관리·안내원,562300,0.142857143
가스·에너지공학 기술자 및 연구원,155100,철도기관차·전동차 정비원,812300,0.1
가스·에너지공학 기술자 및 연구원,155100,일반기계 조립원,816100,0.166666667
가스·에너지공학 기술자 및 연구원,155100,항공기·선박·철도기관차·전동차 등 운송장비 조립·검사원,817300,0.25
가스·에너지공학 기술자 및 연구원,155100,판금원(덕트원 포함),822100,0.142857143
가스·에너지공학 기술자 및 연구원,155100,시멘트·광물제품 생산기계 조작원,826300,0.2
가스·에너지공학 기술자 및 연구원,155100,가전제품 설치·수리원,832200,0.142857143
가스·에너지공학 기술자 및 연구원,155100,발전·배전 장치 조작원,833000,0.285714286
가스·에너지공학 기술자 및 연구원,155100,고무·플라스틱 제품 조립원,852400,0.166666667
가스·에너지공학 기술자 및 연구원,155100,재활용 처리장치·소각로 조작원,853200,0.142857143
"에너지공학 기술자 및 연구원(에너지, 탐사, 시추)",155102,가스·에너지 시험원,155200,0.166666667
"에너지공학 기술자 및 연구원(에너지, 탐사, 시추)",155102,폐기물처리 기술자 및 연구원,155303,0.181818182
"에너지공학 기술자 및 연구원(에너지, 탐사, 시추)",155102,기타 항공·철도운송종사원(항공기유도원·화물열차차장·신호수),621900,0.125
"에너지공학 기술자 및 연구원(에너지, 탐사, 시추)",155102,일반기계 조립원,816100,0.125
"에너지공학 기술자 및 연구원(에너지, 탐사, 시추)",155102,항공기·선박·철도기관차·전동차 등 운송장비 조립·검사원,817300,0.166666667
"에너지공학 기술자 및 연구원(에너지, 탐사, 시추)",155102,시멘트·광물제품 생산기계 조작원,826300,0.142857143
"에너지공학 기술자 및 연구원(에너지, 탐사, 시추)",155102,가전제품 설치·수리원,832200,0.181818182
"에너지공학 기술자 및 연구원(에너지, 탐사, 시추)",155102,통신장비 설치·수리원,842200,0.125
"에너지공학 기술자 및 연구원(에너지, 탐사, 시추)",155102,석유·천연가스 제조 제어장치 조작원,851101,0.230769231
"에너지공학 기술자 및 연구원(에너지, 탐사, 시추)",155102,고무·플라스틱 제품 조립원,852400,0.125
가스·에너지 시험원,155200,수질 환경 기술자 및 연구원,155302,0.125
가스·에너지 시험원,155200,폐기물처리 기술자 및 연구원,155303,0.428571429
가스·에너지 시험원,155200,소방공학 기술자 및 연구원,158200,0.181818182
가스·에너지 시험원,155200,산업 안전원 및 위험물 관리원,158400,0.222222222
가스·에너지 시험원,155200,비파괴 검사원,158500,0.111111111
가스·에너지 시험원,155200,주차 관리·안내원,562300,0.125
가스·에너지 시험원,155200,일반기계 조립원,816100,0.230769231
가스·에너지 시험원,155200,항공기·선박·철도기관차·전동차 등 운송장비 조립·검사원,817300,0.333333333
가스·에너지 시험원,155200,판금원(덕트원 포함),822100,0.125
가스·에너지 시험원,155200,시멘트·광물제품 생산기계 조작원,826300,0.181818182
가스·에너지 시험원,155200,가전제품 설치·수리원,832200,0.25
가스·에너지 시험원,155200,발전·배전 장치 조작원,833000,0.375
가스·에너지 시험원,155200,석유·천연가스 제조 제어장치 조작원,851101,0.3
가스·에너지 시험원,155200,화학물 가공장치 조작원,851200,0.125
가스·에너지 시험원,155200,고무·플라스틱 제품 조립원,852400,0.230769231
가스·에너지 시험원,155200,재활용 처리장치·소각로 조작원,853200,0.125
수질 환경 기술자 및 연구원,155302,폐기물처리 기술자 및 연구원,155303,0.4
수질 환경 기술자 및 연구원,155302,환경영향 평가원,155304,0.153846154
수질 환경 기술자 및 연구원,155302,환경공학 시험원,155400,0.5
수질 환경 기술자 및 연구원,155302,보건위생·환경 검사원,155500,0.111111111
수질 환경 기술자 및 연구원,155302,식품공학 기술자 및 연구원,157100,0.1
수질 환경 기술자 및 연구원,155302,약사 및 한약사,303000,0.142857143
수질 환경 기술자 및 연구원,155302,주차 관리·안내원,562300,0.166666667
수질 환경 기술자 및 연구원,155302,발전·배전 장치 조작원,833000,0.142857143
수질 환경 기술자 및 연구원,155302,석유·천연가스 제조 제어장치 조작원,851101,0.25
수질 환경 기술자 및 연구원,155302,화학물 가공장치 조작원,851200,0.2
수질 환경 기술자 및 연구원,155302,재활용 처리장치·소각로 조작원,853200,0.166666667
폐기물처리 기술자 및 연구원,155303,"소음진동, 토양 등 기타 환경 기술자 및 연구원",155305,0.181818182
폐기물처리 기술자 및 연구원,155303,환경공학 시험원,155400,0.166666667
폐기물처리 기술자 및 연구원,155303,보건위생·환경 검사원,155500,0.222222222
폐기물처리 기술자 및 연구원,155303,소방공학 기술자 및 연구원,158200,0.1
폐기물처리 기술자 및 연구원,155303,산업 안전원 및 위험물 관리원,158400,0.25
폐기물처리 기술자 및 연구원,155303,비파괴 검사원,158500,0.125
폐기물처리 기술자 및 연구원,155303,주차 관리·안내원,562300,0.142857143
폐기물처리 기술자 및 연구원,155303,항공기·선박·철도기관차·전동차 등 운송장비 조립·검사원,817300,0.125
폐기물처리 기술자 및 연구원,155303,판금원(덕트원 포함),822100,0.142857143
폐기물처리 기술자 및 연구원,155303,시멘트·광물제품 생산기계 조작원,826300,0.1
폐기물처리 기술자 및 연구원,155303,발전·배전 장치 조작원,833000,0.285714286
폐기물처리 기술자 및 연구원,155303,석유·천연가스 제조 제어장치 조작원,851101,0.375
폐기물처리 기술자 및 연구원,155303,화학물 가공장치 조작원,851200,0.166666667
폐기물처리 기술자 및 연구원,155303,재활용 처리장치·소각로 조작원,853200,0.285714286
환경영향 평가원,155304,환경공학 시험원,155400,0.153846154
"소음진동, 토양 등 기타 환경 기술자 및 연구원",155305,재활용 처리장치·소각로 조작원,853200,0.166666667
환경공학 시험원,155400,보건위생·환경 검사원,155500,0.111111111
환경공학 시험원,155400,약사 및 한약사,303000,0.142857143
환경공학 시험원,155400,주차 관리·안내원,562300,0.166666667
환경공학 시험원,155400,재활용 처리장치·소각로 조작원,853200,0.166666667
보건위생·환경 검사원,155500,식품공학 기술자 및 연구원,157100,0.142857143
보건위생·환경 검사원,155500,주차 관리·안내원,562300,0.1
보건위생·환경 검사원,155500,석유·천연가스 제조 제어장치 조작원,851101,0.25
보건위생·환경 검사원,155500,화학물 가공장치 조작원,851200,0.1
보건위생·환경 검사원,155500,재활용 처리장치·소각로 조작원,853200,0.1
섬유공학 기술자 및 연구원,156100,석유·천연가스 제조 제어장치 조작원,851101,0.1875
섬유공학 기술자 및 연구원,156100,화학물 가공장치 조작원,851200,0.153846154
섬유공학 시험원(섬유·염료),156200,식품공학 기술자 및 연구원,157100,0.111111111
섬유공학 시험원(섬유·염료),156200,변리사,221400,0.105263158
섬유공학 시험원(섬유·염료),156200,약사 및 한약사,303000,0.166666667
섬유공학 시험원(섬유·염료),156200,주차 관리·안내원,562300,0.25
섬유공학 시험원(섬유·염료),156200,발전·배전 장치 조작원,833000,0.166666667
섬유공학 시험원(섬유·염료),156200,석유·천연가스 제조 제어장치 조작원,851101,0.428571429
섬유공학 시험원(섬유·염료),156200,화학물 가공장치 조작원,851200,0.5
식품공학 기술자 및 연구원,157100,석유·천연가스 제조 제어장치 조작원,851101,0.153846154
식품공학 기술자 및 연구원,157100,화학물 가공장치 조작원,851200,0.1
식품공학 시험원,157200,주차 관리·안내원,562300,0.25
소방공학 기술자 및 연구원,158200,산업 안전원 및 위험물 관리원,158400,0.1
소방공학 기술자 및 연구원,158200,비파괴 검사원,158500,0.111111111
소방공학 기술자 및 연구원,158200,주차 관리·안내원,562300,0.111111111
소방공학 기술자 및 연구원,158200,일반기계 조립원,816100,0.166666667
소방공학 기술자 및 연구원,158200,항공기·선박·철도기관차·전동차 등 운송장비 조립·검사원,817300,0.25
소방공학 기술자 및 연구원,158200,판금원(덕트원 포함),822100,0.125
소방공학 기술자 및 연구원,158200,용접원,824100,0.125
소방공학 기술자 및 연구원,158200,시멘트·광물제품 생산기계 조작원,826300,0.2
소방공학 기술자 및 연구원,158200,가전제품 설치·수리원,832200,0.125
소방공학 기술자 및 연구원,158200,화학제품 생산기계 조작원(고무·플라스틱 제외),852300,0.1
소방공학 기술자 및 연구원,158200,고무·플라스틱 제품 조립원,852400,0.166666667
소방공학 기술자 및 연구원,158200,재활용 처리장치·소각로 조작원,853200,0.125
소방공학 기술자 및 연구원,158200,문리·어학 강사,214100,0.117647059
소방공학 기술자 및 연구원,158200,기타 기술·기능 강사,214308,0.125
소방공학 기술자 및 연구원,158200,예능 강사,214400,0.117647059
소방공학 기술자 및 연구원,158200,항공기·선박·철도기관차·전동차 등 운송장비 조립·검사원,817300,0.117647059
소방공학 기술자 및 연구원,158200,용접원,824100,0.133333333
소방공학 기술자 및 연구원,158200,시멘트·광물제품 생산기계 조작원,826300,0.105263158
산업 안전원 및 위험물 관리원,158400,비파괴 검사원,158500,0.125
산업 안전원 및 위험물 관리원,158400,주차 관리·안내원,562300,0.125
산업 안전원 및 위험물 관리원,158400,일반기계 조립원,816100,0.25
산업 안전원 및 위험물 관리원,158400,항공기·선박·철도기관차·전동차 등 운송장비 조립·검사원,817300,0.375
산업 안전원 및 위험물 관리원,158400,판금원(덕트원 포함),822100,0.142857143
산업 안전원 및 위험물 관리원,158400,시멘트·광물제품 생산기계 조작원,826300,0.2
산업 안전원 및 위험물 관리원,158400,가전제품 설치·수리원,832200,0.25
산업 안전원 및 위험물 관리원,158400,핸드폰(휴대폰) 수리원,841200,0.125
산업 안전원 및 위험물 관리원,158400,발전·배전 장치 조작원,833000,0.1
산업 안전원 및 위험물 관리원,158400,전기 부품·제품 생산기계 조작원,835100,0.125
산업 안전원 및 위험물 관리원,158400,전자 부품·제품 생산기계 조작원,835200,0.111111111
산업 안전원 및 위험물 관리원,158400,석유·천연가스 제조 제어장치 조작원,851101,0.3
산업 안전원 및 위험물 관리원,158400,화학물 가공장치 조작원,851200,0.125
산업 안전원 및 위험물 관리원,158400,고무·플라스틱 제품 조립원,852400,0.25
산업 안전원 및 위험물 관리원,158400,재활용 처리장치·소각로 조작원,853200,0.142857143
비파괴 검사원,158500,주차 관리·안내원,562300,0.142857143
비파괴 검사원,158500,항공기·선박·철도기관차·전동차 등 운송장비 조립·검사원,817300,0.142857143
비파괴 검사원,158500,판금원(덕트원 포함),822100,0.166666667
비파괴 검사원,158500,주조원,823300,0.1
비파괴 검사원,158500,점토제품 생산기계 조작원,826200,0.142857143
비파괴 검사원,158500,시멘트·광물제품 생산기계 조작원,826300,0.222222222
비파괴 검사원,158500,재활용 처리장치·소각로 조작원,853200,0.166666667
전기·전자 장비 제도사(캐드원),159104,주차 관리·안내원,562300,0.166666667
전기·전자 장비 제도사(캐드원),159104,온라인 판매원,615300,0.166666667
전기·전자 장비 제도사(캐드원),159104,금속가공 제어장치 조작원(용광로·용해로·금속가열로),821100,0.142857143
3D 프린팅 제도사,159105,제품 디자이너,415100,0.117647059
3D 프린팅 제도사,159105,웹 디자이너,415501,0.1
3D 프린팅 제도사,159105,UX/UI 디자이너,415504,0.153846154
3D 프린팅 제도사,159105,주차 관리·안내원,562300,0.1
3D 프린팅 제도사,159105,단조원,823101,0.125
3D 프린팅 제도사,159105,사무용 전자기기 설치·수리원(컴퓨터 제외),832100,0.125
대학 교수,211100,주차 관리·안내원,562300,0.166666667
"대학 시간강사(초빙,겸임,BK,강의전담 교수 등 비전임교원 포함)",211200,주차 관리·안내원,562300,0.125
"대학 시간강사(초빙,겸임,BK,강의전담 교수 등 비전임교원 포함)",211200,항공기 조종사,621100,0.142857143
중·고등학교 교사,212100,직업상담사,231400,0.111111111
중·고등학교 교사,212100,교도관 및 소년원학교 교사,240300,0.111111111
중·고등학교 교사,212100,위관급 장교,250200,0.5
중·고등학교 교사,212100,경기 심판 및 경기 기록원,420300,0.1
중·고등학교 교사,212100,주차 관리·안내원,562300,0.166666667
특수교육 교사,212300,위관급 장교,250200,0.375
특수교육 교사,212300,주차 관리·안내원,562300,0.125
특수교육 교사,212300,화학물 가공장치 조작원,851200,0.125
기타 교사,212900,위관급 장교,250200,0.428571429
기타 교사,212900,주차 관리·안내원,562300,0.142857143
유치원 교사,213000,직업상담사,231400,0.105263158
유치원 교사,213000,교도관 및 소년원학교 교사,240300,0.157894737
유치원 교사,213000,위관급 장교,250200,0.2
유치원 교사,213000,UX/UI 디자이너,415504,0.105263158
문리·어학 강사,214100,기타 기술·기능 강사,214308,0.75
문리·어학 강사,214100,예능 강사,214400,1
문리·어학 강사,214100,주차 관리·안내원,562300,0.142857143
문리·어학 강사,214100,기술 영업원,612100,0.25
문리·어학 강사,214100,통신 기기·서비스 판매원,615200,0.25
문리·어학 강사,214100,상품 대여원,615400,0.25
문리·어학 강사,214100,노점 및 이동 판매원,615500,0.25
문리·어학 강사,214100,용접원,824100,0.166666667
영어 강사,214106,기타 기술·기능 강사,214308,0.142857143
영어 강사,214106,예능 강사,214400,0.125
영어 강사,214106,위관급 장교,250200,0.857142857
영어 강사,214106,주차 관리·안내원,562300,0.142857143
영어 강사,214106,용접원,824100,0.142857143
컴퓨터 강사,214200,주차 관리·안내원,562300,0.166666667
컴퓨터 강사,214200,항공기·선박·철도기관차·전동차 등 운송장비 조립·검사원,817300,0.142857143
컴퓨터 강사,214200,단조원,823101,0.166666667
컴퓨터 강사,214200,사무용 전자기기 설치·수리원(컴퓨터 제외),832100,0.166666667
컴퓨터 강사,214200,가전제품 설치·수리원,832200,0.166666667
컴퓨터 강사,214200,핸드폰(휴대폰) 수리원,841200,0.142857143
컴퓨터 강사,214200,전자 부품·제품 생산기계 조작원,835200,0.125
기타 기술·기능 강사,214308,예능 강사,214400,0.75
기타 기술·기능 강사,214308,주차 관리·안내원,562300,0.166666667
기타 기술·기능 강사,214308,기술 영업원,612100,0.333333333
기타 기술·기능 강사,214308,통신 기기·서비스 판매원,615200,0.333333333
기타 기술·기능 강사,214308,상품 대여원,615400,0.333333333
기타 기술·기능 강사,214308,노점 및 이동 판매원,615500,0.333333333
기타 기술·기능 강사,214308,용접원,824100,0.2
기타 기술·기능 강사,214308,통신장비 설치·수리원,842200,0.1
예능 강사,214400,주차 관리·안내원,562300,0.142857143
예능 강사,214400,기술 영업원,612100,0.25
예능 강사,214400,통신 기기·서비스 판매원,615200,0.25
예능 강사,214400,상품 대여원,615400,0.25
예능 강사,214400,노점 및 이동 판매원,615500,0.25
예능 강사,214400,용접원,824100,0.166666667
판사 및 검사,221100,주차 관리·안내원,562300,0.25
변호사,221200,주차 관리·안내원,562300,0.111111111
법무사 및 집행관,221300,주차 관리·안내원,562300,0.25
변리사,221400,석유·천연가스 제조 제어장치 조작원,851101,0.130434783
변리사,221400,화학물 가공장치 조작원,851200,0.1
법률 사무원,222000,주차 관리·안내원,562300,0.111111111
법률 사무원,222000,용접원,824100,0.111111111
사회복지사,231100,기타 사회복지 종사원,232900,0.125
사회복지사,231100,주차 관리·안내원,562300,0.1
상담 전문가,231200,주차 관리·안내원,562300,0.25
청소년 지도사,231300,주차 관리·안내원,562300,0.125
직업상담사,231400,기타 사회복지 종사원,232900,0.125
직업상담사,231400,교도관 및 소년원학교 교사,240300,0.166666667
직업상담사,231400,위관급 장교,250200,0.3
직업상담사,231400,UX/UI 디자이너,415504,0.153846154
직업상담사,231400,"박물관,미술관,문화,역사,자연환경 등 각종 해설사",521303,0.111111111
직업상담사,231400,"박물관,미술관,문화,역사,자연환경 등 각종 해설사",521303,0.111111111
직업상담사,231400,주차 관리·안내원,562300,0.1
시민단체 활동가,231500,교도관 및 소년원학교 교사,240300,0.1875
시민단체 활동가,231500,오락시설 서비스원,524000,0.130434783
시민단체 활동가,231500,해외 영업원,612200,0.157894737
보육 교사,232100,위관급 장교,250200,0.375
보육 교사,232100,간호조무사,307500,0.1
보육 교사,232100,주차 관리·안내원,562300,0.125
기타 사회복지 종사원,232900,주차 관리·안내원,562300,0.2
경찰관 및 수사관,240100,교도관 및 소년원학교 교사,240300,0.117647059
경찰관 및 수사관,240100,위관급 장교,250200,0.230769231
소방관,240200,미용사,511200,0.1
소방관,240200,주차 관리·안내원,562300,0.142857143
교도관 및 소년원학교 교사,240300,위관급 장교,250200,0.3
교도관 및 소년원학교 교사,240300,UX/UI 디자이너,415504,0.153846154
교도관 및 소년원학교 교사,240300,주차 관리·안내원,562300,0.1
위관급 장교,250200,경기 심판 및 경기 기록원,420300,0.111111111
위관급 장교,250200,주차 관리·안내원,562300,0.166666667
부사관,250300,선박 정비원,812200,0.136363636
전문 의사,301100,일반 의사,301200,1
전문 의사,301100,치과 의사,301400,0.153846154
일반 의사,301200,치과 의사,301400,0.153846154
한의사,301300,임상병리사,306100,0.1
한의사,301300,주차 관리·안내원,562300,0.125
치과 의사,301400,임상병리사,306100,0.166666667
치과 의사,301400,"박물관,미술관,문화,역사,자연환경 등 각종 해설사",521303,0.1
치과 의사,301400,"박물관,미술관,문화,역사,자연환경 등 각종 해설사",521303,0.1
수의사,302000,주차 관리·안내원,562300,0.142857143
약사 및 한약사,303000,"박물관,미술관,문화,역사,자연환경 등 각종 해설사",521303,0.142857143
약사 및 한약사,303000,"박물관,미술관,문화,역사,자연환경 등 각종 해설사",521303,0.142857143
약사 및 한약사,303000,주차 관리·안내원,562300,0.125
약사 및 한약사,303000,발전·배전 장치 조작원,833000,0.1
약사 및 한약사,303000,석유·천연가스 제조 제어장치 조작원,851101,0.272727273
약사 및 한약사,303000,화학물 가공장치 조작원,851200,0.25
간호사,304000,주차 관리·안내원,562300,0.125
간호사,304000,용접원,824100,0.125
보건교사,304003,주차 관리·안내원,562300,0.111111111
임상병리사,306100,작업치료사,306502,0.1
임상병리사,306100,주차 관리·안내원,562300,0.111111111
임상병리사,306100,석유·천연가스 제조 제어장치 조작원,851101,0.166666667
임상병리사,306100,화학물 가공장치 조작원,851200,0.111111111
치과기공사,306300,주차 관리·안내원,562300,0.25
치과위생사,306400,작업치료사,306502,0.1
치과위생사,306400,간호조무사,307500,0.1
치과위생사,306400,주차 관리·안내원,562300,0.125
물리 및 작업 치료사,306500,화가 및 조각가,414100,0.142857143
물리 및 작업 치료사,306500,주차 관리·안내원,562300,0.125
물리 및 작업 치료사,306500,화학물 가공장치 조작원,851200,0.125
작업치료사,306502,간호조무사,307500,0.1
작업치료사,306502,주차 관리·안내원,562300,0.125
임상심리사(심리치료사),306600,UX/UI 디자이너,415504,0.2
임상심리사(심리치료사),306600,주차 관리·안내원,562300,0.166666667
재활공학 기사(의지보조기기사),306700,주차 관리·안내원,562300,0.25
언어·청능 치료사,306901,주차 관리·안내원,562300,0.2
언어·청능 치료사,306901,선박 정비원,812200,0.142857143
"응급구조사(인명구조원, 119구조대원 포함)",307100,주차 관리·안내원,562300,0.25
안경사,307300,간호조무사,307500,0.1
안경사,307300,주차 관리·안내원,562300,0.125
간호조무사,307500,주차 관리·안내원,562300,0.125
간호조무사,307500,선박 정비원,812200,0.117647059
안마사,307600,주차 관리·안내원,562300,0.25
작가,411100,주차 관리·안내원,562300,0.166666667
번역가 및 통역가,411200,주차 관리·안내원,562300,0.25
번역가 및 통역가,411200,해외 영업원,612200,0.142857143
통역가(영어),411205,바텐터(조주사),531600,0.2
통역가(영어),411205,주차 관리·안내원,562300,0.25
신문·방송 기자,412001,잡지·생활정보지 및 기타 기자,412002,0.142857143
신문·방송 기자,412001,주차 관리·안내원,562300,0.1
문화재보존원(컨서베이터),413102,주차 관리·안내원,562300,0.142857143
문화재보존원(컨서베이터),413102,용접원,824100,0.142857143
문화재보존원(컨서베이터),413102,발전·배전 장치 조작원,833000,0.111111111
문화재보존원(컨서베이터),413102,석유·천연가스 제조 제어장치 조작원,851101,0.2
문화재보존원(컨서베이터),413102,화학물 가공장치 조작원,851200,0.142857143
미술 강사,214401,화가 및 조각가,414100,0.166666667
미술 강사,214401,경기 심판 및 경기 기록원,420300,0.1
미술 강사,214401,주차 관리·안내원,562300,0.166666667
화가 및 조각가,414100,경기 심판 및 경기 기록원,420300,0.25
화가 및 조각가,414100,주차 관리·안내원,562300,0.166666667
사진작가 및 사진사,414200,감독 및 기술감독,416100,0.105263158
사진작가 및 사진사,414200,촬영 기사,416400,0.133333333
사진작가 및 사진사,414200,음향·녹음 기사,416500,0.166666667
사진작가 및 사진사,414200,영상·녹화 및 편집 기사,416600,0.111111111
사진작가 및 사진사,414200,조명·영사 기사,416700,0.153846154
사진작가 및 사진사,414200,주차 관리·안내원,562300,0.1
사진작가 및 사진사,414200,용접원,824100,0.1
만화가,414301,주차 관리·안내원,562300,0.166666667
만화가,414301,단조원,823101,0.166666667
만화가,414301,사무용 전자기기 설치·수리원(컴퓨터 제외),832100,0.166666667
만화가,414301,핸드폰(휴대폰) 수리원,841200,0.142857143
만화영화 작가(애니메이터),414302,경기 심판 및 경기 기록원,420300,0.25
만화영화 작가(애니메이터),414302,주차 관리·안내원,562300,0.25
"지휘자, 작곡가 및 연주가",414500,주차 관리·안내원,562300,0.166666667
"지휘자, 작곡가 및 연주가",414500,해외 영업원,612200,0.1
가수 및 성악가,414600,아나운서 및 리포터,416301,0.181818182
가수 및 성악가,414600,단조원,823101,0.111111111
가수 및 성악가,414600,사무용 전자기기 설치·수리원(컴퓨터 제외),832100,0.111111111
무용가 및 안무가,414700,주차 관리·안내원,562300,0.2
제품 디자이너,415100,오락시설 서비스원,524000,0.1
제품 디자이너,415100,단조원,823101,0.1
제품 디자이너,415100,사무용 전자기기 설치·수리원(컴퓨터 제외),832100,0.1
패션 디자이너,415200,웹 디자이너,415501,0.125
패션 디자이너,415200,경기 심판 및 경기 기록원,420300,0.1
패션 디자이너,415200,주차 관리·안내원,562300,0.166666667
패션 디자이너,415200,선박 정비원,812200,0.2
패션 디자이너,415200,제화원,864100,0.125
웹 디자이너,415501,그래픽아트 기술자,415503,0.15
게임 디자이너,415502,미용사,511200,0.1
게임 디자이너,415502,주차 관리·안내원,562300,0.142857143
게임 디자이너,415502,한복 제조원,863100,0.111111111
게임 디자이너,415502,제화원,864100,0.111111111
그래픽아트 기술자,415503,단조원,823101,0.105263158
그래픽아트 기술자,415503,사무용 전자기기 설치·수리원(컴퓨터 제외),832100,0.105263158
UX/UI 디자이너,415504,주차 관리·안내원,562300,0.1
감독 및 기술감독,416100,촬영 기사,416400,0.111111111
감독 및 기술감독,416100,음향·녹음 기사,416500,0.133333333
감독 및 기술감독,416100,조명·영사 기사,416700,0.125
아나운서 및 리포터,416301,공연·영화·음반 기획자,417100,0.1
아나운서 및 리포터,416301,주차 관리·안내원,562300,0.142857143
촬영 기사,416400,음향·녹음 기사,416500,0.444444444
촬영 기사,416400,영상·녹화 및 편집 기사,416600,0.1875
촬영 기사,416400,조명·영사 기사,416700,0.4
음향·녹음 기사,416500,영상·녹화 및 편집 기사,416600,0.230769231
음향·녹음 기사,416500,조명·영사 기사,416700,0.571428571
음향·녹음 기사,416500,주차 관리·안내원,562300,0.125
영상·녹화 및 편집 기사,416600,조명·영사 기사,416700,0.357142857
영상·녹화 및 편집 기사,416600,경기 심판 및 경기 기록원,420300,0.111111111
조명·영사 기사,416700,주차 관리·안내원,562300,0.111111111
조명·영사 기사,416700,용접원,824100,0.111111111
공연·영화·음반 기획자,417100,주차 관리·안내원,562300,0.111111111
연예인매니저 및 스포츠매니저,417200,한복 제조원,863100,0.111111111
스포츠 감독 및 코치,420100,경기 심판 및 경기 기록원,420300,0.25
스포츠 감독 및 코치,420100,주차 관리·안내원,562300,0.25
직업 운동선수,420200,주차 관리·안내원,562300,0.111111111
경기 심판 및 경기 기록원,420300,주차 관리·안내원,562300,0.1
"스포츠강사, 레크리에이션강사 및 기타 관련 전문가",420400,주차 관리·안내원,562300,0.166666667
"스포츠강사, 레크리에이션강사 및 기타 관련 전문가",420400,선박 정비원,812200,0.133333333
"스포츠강사, 레크리에이션강사 및 기타 관련 전문가",420400,석유·천연가스 제조 제어장치 조작원,851101,0.111111111
"스포츠강사, 레크리에이션강사 및 기타 관련 전문가",420400,화학물 가공장치 조작원,851200,0.166666667
레크리에이션 전문가,420405,주차 관리·안내원,562300,0.166666667
레크리에이션 전문가,420405,선박 정비원,812200,0.133333333
이용사,511100,주차 관리·안내원,562300,0.25
이용사,511100,용접원,824100,0.25
이용사,511100,통신장비 설치·수리원,842200,0.111111111
미용사,511200,주차 관리·안내원,562300,0.111111111
피부 및 체형 관리사,511300,메이크업 아티스트 및 분장사,511400,0.15
피부 및 체형 관리사,511300,주차 관리·안내원,562300,0.1
네일 아티스트(손톱 관리사),511302,주차 관리·안내원,562300,0.25
네일 아티스트(손톱 관리사),511302,용접원,824100,0.25
네일 아티스트(손톱 관리사),511302,통신장비 설치·수리원,842200,0.111111111
분장사·특수분장사,511402,주차 관리·안내원,562300,0.25
분장사·특수분장사,511402,용접원,824100,0.25
분장사·특수분장사,511402,통신장비 설치·수리원,842200,0.111111111
반려동물 미용사,511501,주차 관리·안내원,562300,0.125
반려동물 미용사,511501,용접원,824100,0.125
"수의사 보조원(수의간호, 수의테크니션)",511504,주차 관리·안내원,562300,0.166666667
"수의사 보조원(수의간호, 수의테크니션)",511504,용접원,824100,0.166666667
결혼상담원 및 웨딩플래너,512100,주차 관리·안내원,562300,0.2
결혼상담원 및 웨딩플래너,512100,건축 목공,701600,0.2
결혼상담원 및 웨딩플래너,512100,미장공,702100,0.333333333
결혼상담원 및 웨딩플래너,512100,방수공,702200,0.333333333
결혼상담원 및 웨딩플래너,512100,타일·대리석 시공원,702401,0.25
혼례 종사원,512200,여행 사무원,521200,1
혼례 종사원,512200,주차 관리·안내원,562300,0.166666667
장례 지도사 및 장례 상담원,512300,주차 관리·안내원,562300,0.25
장례 지도사 및 장례 상담원,512300,기술 영업원,612100,0.5
장례 지도사 및 장례 상담원,512300,통신 기기·서비스 판매원,615200,0.5
장례 지도사 및 장례 상담원,512300,상품 대여원,615400,0.5
장례 지도사 및 장례 상담원,512300,노점 및 이동 판매원,615500,0.5
장례 지도사 및 장례 상담원,512300,용접원,824100,0.25
장례 지도사 및 장례 상담원,512300,통신장비 설치·수리원,842200,0.111111111
여행상품 개발자,521100,주차 관리·안내원,562300,0.1
여행 사무원,521200,주차 관리·안내원,562300,0.166666667
여행 안내원,521302,"박물관,미술관,문화,역사,자연환경 등 각종 해설사",521303,0.25
여행 안내원,521302,"박물관,미술관,문화,역사,자연환경 등 각종 해설사",521303,0.25
여행 안내원,521302,주차 관리·안내원,562300,0.25
여행 안내원,521302,용접원,824100,0.25
여행 안내원,521302,통신장비 설치·수리원,842200,0.111111111
"박물관,미술관,문화,역사,자연환경 등 각종 해설사",521303,주차 관리·안내원,562300,0.166666667
"박물관,미술관,문화,역사,자연환경 등 각종 해설사",521303,주차 관리·안내원,562300,0.166666667
선박·열차 객실승무원,522200,주차 관리·안내원,562300,0.25
숙박시설 서비스원,523000,주차 관리·안내원,562300,0.25
주방장 및 요리 연구가(푸드코디네이터 포함),531100,주차 관리·안내원,562300,0.142857143
한식 조리사,531200,중식 조리사,531300,0.2
한식 조리사,531200,주차 관리·안내원,562300,0.25
한식 조리사,531200,용접원,824100,0.25
한식 조리사,531200,통신장비 설치·수리원,842200,0.111111111
중식 조리사,531300,주차 관리·안내원,562300,0.142857143
양식 조리사,531400,일식 조리사,531500,1
양식 조리사,531400,주차 관리·안내원,562300,0.25
양식 조리사,531400,용접원,824100,0.25
양식 조리사,531400,통신장비 설치·수리원,842200,0.111111111
일식 조리사,531500,주차 관리·안내원,562300,0.25
일식 조리사,531500,용접원,824100,0.25
일식 조리사,531500,통신장비 설치·수리원,842200,0.111111111
바텐터(조주사),531600,주차 관리·안내원,562300,0.125
음료 조리사(바리스타 포함),531700,주차 관리·안내원,562300,0.125
음료 조리사(바리스타 포함),531700,용접원,824100,0.125
패스트푸드 준비원,532100,주차 관리·안내원,562300,0.25
패스트푸드 준비원,532100,가구 조립원,883200,0.5
홀서빙원,532200,주차 관리·안내원,562300,0.25
주방 보조원,532300,주차 관리·안내원,562300,0.25
음식 배달원,532400,주차 관리·안내원,562300,0.25
음식 배달원,532400,택시 운전원,622100,0.25
경호원,541100,청원경찰,541200,0.2
경호원,541100,주차 관리·안내원,562300,0.25
청원경찰,541200,청소원,561100,0.176470588
청원경찰,541200,주차 관리·안내원,562300,0.125
시설·특수 경비원,541300,주차 관리·안내원,562300,0.25
경비원(건물 관리원),542000,계기 검침원 및 가스 점검원,562100,1
경비원(건물 관리원),542000,주차 관리·안내원,562300,0.666666667
요양 보호사 및 간병인,550100,주차 관리·안내원,562300,0.25
육아 도우미(베이비시터),550200,주차 관리·안내원,562300,0.25
청소원,561100,가사 도우미,561601,0.166666667
환경미화원 및 재활용품 수거원,561200,주차 관리·안내원,562300,0.25
방역원(해충퇴치원 포함),561302,주차 관리·안내원,562300,0.25
방역원(해충퇴치원 포함),561302,가구 조립원,883200,0.5
가사 도우미,561601,주차 관리·안내원,562300,0.2
계기 검침원 및 가스 점검원,562100,주차 관리·안내원,562300,0.666666667
검표원,562400,일반기계 조립원,816100,0.1
검표원,562400,항공기·선박·철도기관차·전동차 등 운송장비 조립·검사원,817300,0.166666667
검표원,562400,판금원(덕트원 포함),822100,0.2
검표원,562400,시멘트·광물제품 생산기계 조작원,826300,0.125
검표원,562400,고무·플라스틱 제품 조립원,852400,0.1
검표원,562400,재활용 처리장치·소각로 조작원,853200,0.2
기술 영업원,612100,통신 기기·서비스 판매원,615200,1
기술 영업원,612100,상품 대여원,615400,1
기술 영업원,612100,노점 및 이동 판매원,615500,1
상품 중개인 및 경매사,612500,재단사,862200,0.117647059
텔레마케터,613000,통신 기기·서비스 판매원,615200,0.125
텔레마케터,613000,상품 대여원,615400,0.125
텔레마케터,613000,노점 및 이동 판매원,615500,0.125
소규모 매장점장(매장매니저·매장슈퍼바이저),614000,상점 판매원,615100,1
소규모 매장점장(매장매니저·매장슈퍼바이저),614000,용접원,824100,0.142857143
상점 판매원,615100,용접원,824100,0.142857143
통신 기기·서비스 판매원,615200,상품 대여원,615400,1
통신 기기·서비스 판매원,615200,노점 및 이동 판매원,615500,1
온라인 판매원,615300,단조원,823101,0.153846154
온라인 판매원,615300,사무용 전자기기 설치·수리원(컴퓨터 제외),832100,0.153846154
온라인 판매원,615300,핸드폰(휴대폰) 수리원,841200,0.125
상품 대여원,615400,노점 및 이동 판매원,615500,1
매장 계산원 및 요금 정산원,616100,단조원,823101,0.1
매장 계산원 및 요금 정산원,616100,사무용 전자기기 설치·수리원(컴퓨터 제외),832100,0.1
매장 계산원 및 요금 정산원,616100,핸드폰(휴대폰) 수리원,841200,0.2
홍보 도우미 및 판촉원,617100,컴퓨터 설치·수리원(컴퓨터A/S원),841100,0.1
철도·전동차 기관사,621300,택시 운전원,622100,0.111111111
철도·전동차 기관사,621300,버스 운전원,622200,0.142857143
철도·전동차 기관사,621300,택배원,624100,0.1
기타 항공·철도운송종사원(항공기유도원·화물열차차장·신호수),621900,일반기계 조립원,816100,0.117647059
기타 항공·철도운송종사원(항공기유도원·화물열차차장·신호수),621900,항공기·선박·철도기관차·전동차 등 운송장비 조립·검사원,817300,0.153846154
기타 항공·철도운송종사원(항공기유도원·화물열차차장·신호수),621900,가전제품 설치·수리원,832200,0.166666667
기타 항공·철도운송종사원(항공기유도원·화물열차차장·신호수),621900,고무·플라스틱 제품 조립원,852400,0.117647059
버스 운전원,622200,택배원,624100,0.25
"크레인 운전원(천정,타워 제외)",623001,지게차 운전원,623004,1
"크레인 운전원(천정,타워 제외)",623001,항공기·선박·철도기관차·전동차 등 운송장비 조립·검사원,817300,0.142857143
"크레인 운전원(천정,타워 제외)",623001,판금원(덕트원 포함),822100,0.166666667
"크레인 운전원(천정,타워 제외)",623001,시멘트·광물제품 생산기계 조작원,826300,0.111111111
"크레인 운전원(천정,타워 제외)",623001,재활용 처리장치·소각로 조작원,853200,0.166666667
지게차 운전원,623004,항공기·선박·철도기관차·전동차 등 운송장비 조립·검사원,817300,0.142857143
지게차 운전원,623004,판금원(덕트원 포함),822100,0.166666667
지게차 운전원,623004,시멘트·광물제품 생산기계 조작원,826300,0.111111111
지게차 운전원,623004,재활용 처리장치·소각로 조작원,853200,0.166666667
하역·적재 종사원,624401,양장·양복 제조원,863200,0.333333333
철골공(강구조물 건립원),701100,"경량철골공(석고보드공,텍스공,조립주택 건립원)",701200,1
철골공(강구조물 건립원),701100,철근공,701300,0.533333333
철골공(강구조물 건립원),701100,콘크리트공,701401,0.333333333
철골공(강구조물 건립원),701100,건축 석공,701500,0.5
철골공(강구조물 건립원),701100,건축 목공,701600,0.333333333
철골공(강구조물 건립원),701100,미장공,702100,0.166666667
철골공(강구조물 건립원),701100,방수공,702200,0.166666667
철골공(강구조물 건립원),701100,타일·대리석 시공원,702401,0.153846154
철골공(강구조물 건립원),701100,도배공,702501,0.5
철골공(강구조물 건립원),701100,건설 배관공,703100,0.166666667
철골공(강구조물 건립원),701100,광석·석제품 생산기계 조작원,826400,0.111111111
"경량철골공(석고보드공,텍스공,조립주택 건립원)",701200,철근공,701300,0.533333333
"경량철골공(석고보드공,텍스공,조립주택 건립원)",701200,콘크리트공,701401,0.333333333
"경량철골공(석고보드공,텍스공,조립주택 건립원)",701200,건축 석공,701500,0.5
"경량철골공(석고보드공,텍스공,조립주택 건립원)",701200,건축 목공,701600,0.333333333
"경량철골공(석고보드공,텍스공,조립주택 건립원)",701200,미장공,702100,0.166666667
"경량철골공(석고보드공,텍스공,조립주택 건립원)",701200,방수공,702200,0.166666667
"경량철골공(석고보드공,텍스공,조립주택 건립원)",701200,타일·대리석 시공원,702401,0.153846154
"경량철골공(석고보드공,텍스공,조립주택 건립원)",701200,도배공,702501,0.5
"경량철골공(석고보드공,텍스공,조립주택 건립원)",701200,건설 배관공,703100,0.166666667
"경량철골공(석고보드공,텍스공,조립주택 건립원)",701200,광석·석제품 생산기계 조작원,826400,0.111111111
철근공,701300,콘크리트공,701401,0.333333333
철근공,701300,건축 석공,701500,0.642857143
철근공,701300,건축 목공,701600,0.363636364
철근공,701300,미장공,702100,0.181818182
철근공,701300,방수공,702200,0.181818182
철근공,701300,타일·대리석 시공원,702401,0.166666667
철근공,701300,도배공,702501,0.642857143
철근공,701300,광석·석제품 생산기계 조작원,826400,0.115384615
콘크리트공,701401,건축 석공,701500,0.263157895
콘크리트공,701401,건축 목공,701600,0.333333333
콘크리트공,701401,미장공,702100,0.166666667
콘크리트공,701401,방수공,702200,0.166666667
콘크리트공,701401,타일·대리석 시공원,702401,0.153846154
콘크리트공,701401,도배공,702501,0.263157895
콘크리트공,701401,광석·석제품 생산기계 조작원,826400,0.111111111
콘크리트공,701401,재단사,862200,0.125
건축 석공,701500,건축 목공,701600,0.333333333
건축 석공,701500,미장공,702100,0.166666667
건축 석공,701500,방수공,702200,0.166666667
건축 석공,701500,타일·대리석 시공원,702401,0.153846154
건축 석공,701500,도배공,702501,1
건축 석공,701500,광석·석제품 생산기계 조작원,826400,0.111111111
건축 목공,701600,미장공,702100,0.5
건축 목공,701600,방수공,702200,0.5
건축 목공,701600,타일·대리석 시공원,702401,0.4
건축 목공,701600,도배공,702501,0.333333333
조적공 및 석재 부설공,701700,건설 배관공,703100,0.125
조적공 및 석재 부설공,701700,상·하수도 처리장치 조작원,853100,0.166666667
미장공,702100,방수공,702200,1
미장공,702100,타일·대리석 시공원,702401,0.666666667
미장공,702100,도배공,702501,0.166666667
방수공,702200,타일·대리석 시공원,702401,0.666666667
방수공,702200,도배공,702501,0.166666667
단열공,702300,건설 배관공,703100,0.333333333
단열공,702300,항공기·선박·철도기관차·전동차 등 운송장비 조립·검사원,817300,0.142857143
단열공,702300,판금원(덕트원 포함),822100,0.166666667
단열공,702300,시멘트·광물제품 생산기계 조작원,826300,0.111111111
단열공,702300,상·하수도 처리장치 조작원,853100,0.166666667
단열공,702300,재활용 처리장치·소각로 조작원,853200,0.166666667
타일·대리석 시공원,702401,도배공,702501,0.153846154
타일·대리석 시공원,702401,용접원,824100,0.166666667
도배공,702501,광석·석제품 생산기계 조작원,826400,0.111111111
유리 부착원(유리공),702502,광석·석제품 생산기계 조작원,826400,0.117647059
유리 부착원(유리공),702502,양장·양복 제조원,863200,0.25
유리 부착원(유리공),702502,식품·담배 등급원,872300,0.111111111
새시 조립·설치원,702701,판금원(덕트원 포함),822100,0.166666667
건설 배관공,703100,"공업 배관공(플랜트,항공,선박,철도차량)",703200,0.230769231
건설 배관공,703100,보일러 설치·정비원,811500,0.125
건설 배관공,703100,판금원(덕트원 포함),822100,0.125
"공업 배관공(플랜트,항공,선박,철도차량)",703200,판금원(덕트원 포함),822100,0.166666667
"공업 배관공(플랜트,항공,선박,철도차량)",703200,제관원,822301,0.2
점화·발파·화약관리원 및 삭구원,705901,용접원,824100,0.25
점화·발파·화약관리원 및 삭구원,705901,통신장비 설치·수리원,842200,0.111111111
"잠수 기능원(잠수부, 구난 잠수요원)",705902,판금원(덕트원 포함),822100,0.166666667
"잠수 기능원(잠수부, 구난 잠수요원)",705902,제관원,822301,0.2
"잠수 기능원(잠수부, 구난 잠수요원)",705902,용접원,824100,0.166666667
건설·채굴 단순 종사원,706000,양장·양복 제조원,863200,0.333333333
공업기계 설치·정비원,811100,승강기 설치·정비원,811200,1
공업기계 설치·정비원,811100,물품이동장비 설치·정비원,811300,1
공업기계 설치·정비원,811100,냉동·냉장·공조기 설치·정비원,811400,1
공업기계 설치·정비원,811100,건설·광업용 기계 설치·정비원,811600,1
공업기계 설치·정비원,811100,단조원,823101,0.181818182
공업기계 설치·정비원,811100,용접원,824100,0.2
공업기계 설치·정비원,811100,사무용 전자기기 설치·수리원(컴퓨터 제외),832100,0.181818182
공업기계 설치·정비원,811100,핸드폰(휴대폰) 수리원,841200,0.166666667
공업기계 설치·정비원,811100,전기·전자 설비 조작원,834000,0.1
공업기계 설치·정비원,811100,전기 부품·제품 생산기계 조작원,835100,0.166666667
공업기계 설치·정비원,811100,전자 부품·제품 생산기계 조작원,835200,0.142857143
공업기계 설치·정비원,811100,통신장비 설치·수리원,842200,0.1
승강기 설치·정비원,811200,물품이동장비 설치·정비원,811300,1
승강기 설치·정비원,811200,냉동·냉장·공조기 설치·정비원,811400,1
승강기 설치·정비원,811200,건설·광업용 기계 설치·정비원,811600,1
승강기 설치·정비원,811200,단조원,823101,0.181818182
승강기 설치·정비원,811200,용접원,824100,0.2
승강기 설치·정비원,811200,사무용 전자기기 설치·수리원(컴퓨터 제외),832100,0.181818182
승강기 설치·정비원,811200,핸드폰(휴대폰) 수리원,841200,0.166666667
승강기 설치·정비원,811200,전기·전자 설비 조작원,834000,0.1
승강기 설치·정비원,811200,전기 부품·제품 생산기계 조작원,835100,0.166666667
승강기 설치·정비원,811200,전자 부품·제품 생산기계 조작원,835200,0.142857143
승강기 설치·정비원,811200,통신장비 설치·수리원,842200,0.1
물품이동장비 설치·정비원,811300,냉동·냉장·공조기 설치·정비원,811400,1
물품이동장비 설치·정비원,811300,건설·광업용 기계 설치·정비원,811600,1
물품이동장비 설치·정비원,811300,단조원,823101,0.181818182
물품이동장비 설치·정비원,811300,용접원,824100,0.2
물품이동장비 설치·정비원,811300,사무용 전자기기 설치·수리원(컴퓨터 제외),832100,0.181818182
물품이동장비 설치·정비원,811300,핸드폰(휴대폰) 수리원,841200,0.166666667
물품이동장비 설치·정비원,811300,전기·전자 설비 조작원,834000,0.1
물품이동장비 설치·정비원,811300,전기 부품·제품 생산기계 조작원,835100,0.166666667
물품이동장비 설치·정비원,811300,전자 부품·제품 생산기계 조작원,835200,0.142857143
물품이동장비 설치·정비원,811300,통신장비 설치·수리원,842200,0.1
냉동·냉장·공조기 설치·정비원,811400,건설·광업용 기계 설치·정비원,811600,1
냉동·냉장·공조기 설치·정비원,811400,단조원,823101,0.181818182
냉동·냉장·공조기 설치·정비원,811400,용접원,824100,0.2
냉동·냉장·공조기 설치·정비원,811400,사무용 전자기기 설치·수리원(컴퓨터 제외),832100,0.181818182
냉동·냉장·공조기 설치·정비원,811400,핸드폰(휴대폰) 수리원,841200,0.166666667
냉동·냉장·공조기 설치·정비원,811400,전기·전자 설비 조작원,834000,0.1
냉동·냉장·공조기 설치·정비원,811400,전기 부품·제품 생산기계 조작원,835100,0.166666667
냉동·냉장·공조기 설치·정비원,811400,전자 부품·제품 생산기계 조작원,835200,0.142857143
냉동·냉장·공조기 설치·정비원,811400,통신장비 설치·수리원,842200,0.1
보일러 설치·정비원,811500,냉·난방 설비 조작원,814000,0.192307692
건설·광업용 기계 설치·정비원,811600,단조원,823101,0.181818182
건설·광업용 기계 설치·정비원,811600,용접원,824100,0.2
건설·광업용 기계 설치·정비원,811600,사무용 전자기기 설치·수리원(컴퓨터 제외),832100,0.181818182
건설·광업용 기계 설치·정비원,811600,핸드폰(휴대폰) 수리원,841200,0.166666667
건설·광업용 기계 설치·정비원,811600,전기·전자 설비 조작원,834000,0.1
건설·광업용 기계 설치·정비원,811600,전기 부품·제품 생산기계 조작원,835100,0.166666667
건설·광업용 기계 설치·정비원,811600,전자 부품·제품 생산기계 조작원,835200,0.142857143
건설·광업용 기계 설치·정비원,811600,통신장비 설치·수리원,842200,0.1
농업용 및 기타 기계장비 설치 및 정비원,811900,일반기계 조립원,816100,0.111111111
농업용 및 기타 기계장비 설치 및 정비원,811900,항공기·선박·철도기관차·전동차 등 운송장비 조립·검사원,817300,0.2
농업용 및 기타 기계장비 설치 및 정비원,811900,판금원(덕트원 포함),822100,0.25
농업용 및 기타 기계장비 설치 및 정비원,811900,시멘트·광물제품 생산기계 조작원,826300,0.142857143
농업용 및 기타 기계장비 설치 및 정비원,811900,고무·플라스틱 제품 조립원,852400,0.111111111
농업용 및 기타 기계장비 설치 및 정비원,811900,재활용 처리장치·소각로 조작원,853200,0.25
항공기 정비원,812100,용접원,824100,0.142857143
항공기 정비원,812100,재단사,862200,0.133333333
철도기관차·전동차 정비원,812300,일반기계 조립원,816100,0.133333333
철도기관차·전동차 정비원,812300,항공기·선박·철도기관차·전동차 등 운송장비 조립·검사원,817300,0.181818182
철도기관차·전동차 정비원,812300,판금원(덕트원 포함),822100,0.1
철도기관차·전동차 정비원,812300,용접원,824100,0.1
철도기관차·전동차 정비원,812300,점토제품 생산기계 조작원,826200,0.1
철도기관차·전동차 정비원,812300,시멘트·광물제품 생산기계 조작원,826300,0.230769231
철도기관차·전동차 정비원,812300,가전제품 설치·수리원,832200,0.1
철도기관차·전동차 정비원,812300,고무·플라스틱 제품 조립원,852400,0.133333333
철도기관차·전동차 정비원,812300,재활용 처리장치·소각로 조작원,853200,0.1
자동차 정비원,812400,항공기·선박·철도기관차·전동차 등 운송장비 조립·검사원,817300,0.1
자동차 정비원,812400,판금원(덕트원 포함),822100,0.111111111
자동차 정비원,812400,재활용 처리장치·소각로 조작원,853200,0.111111111
오토바이·자전거 및 기타 운송장비 정비원,812900,항공기·선박·철도기관차·전동차 등 운송장비 조립·검사원,817300,0.125
오토바이·자전거 및 기타 운송장비 정비원,812900,판금원(덕트원 포함),822100,0.142857143
오토바이·자전거 및 기타 운송장비 정비원,812900,시멘트·광물제품 생산기계 조작원,826300,0.1
오토바이·자전거 및 기타 운송장비 정비원,812900,재활용 처리장치·소각로 조작원,853200,0.142857143
오토바이·자전거 및 기타 운송장비 정비원,812900,재단사,862200,0.125
금속 공작기계 조작원,813200,자동조립라인·산업용로봇 조작원,815000,1
금속 공작기계 조작원,813200,항공기·선박·철도기관차·전동차 등 운송장비 조립·검사원,817300,0.125
금속 공작기계 조작원,813200,판금원(덕트원 포함),822100,0.142857143
금속 공작기계 조작원,813200,용접원,824100,0.142857143
금속 공작기계 조작원,813200,시멘트·광물제품 생산기계 조작원,826300,0.1
금속 공작기계 조작원,813200,석유·천연가스 제조 제어장치 조작원,851101,0.1
금속 공작기계 조작원,813200,화학물 가공장치 조작원,851200,0.142857143
금속 공작기계 조작원,813200,재활용 처리장치·소각로 조작원,853200,0.142857143
냉·난방 설비 조작원,814000,일반기계 조립원,816100,0.111111111
냉·난방 설비 조작원,814000,항공기·선박·철도기관차·전동차 등 운송장비 조립·검사원,817300,0.142857143
냉·난방 설비 조작원,814000,시멘트·광물제품 생산기계 조작원,826300,0.125
냉·난방 설비 조작원,814000,고무·플라스틱 제품 조립원,852400,0.111111111
자동조립라인·산업용로봇 조작원,815000,항공기·선박·철도기관차·전동차 등 운송장비 조립·검사원,817300,0.125
자동조립라인·산업용로봇 조작원,815000,판금원(덕트원 포함),822100,0.142857143
자동조립라인·산업용로봇 조작원,815000,용접원,824100,0.142857143
자동조립라인·산업용로봇 조작원,815000,시멘트·광물제품 생산기계 조작원,826300,0.1
자동조립라인·산업용로봇 조작원,815000,석유·천연가스 제조 제어장치 조작원,851101,0.1
자동조립라인·산업용로봇 조작원,815000,화학물 가공장치 조작원,851200,0.142857143
자동조립라인·산업용로봇 조작원,815000,재활용 처리장치·소각로 조작원,853200,0.142857143
일반기계 조립원,816100,항공기·선박·철도기관차·전동차 등 운송장비 조립·검사원,817300,0.5
일반기계 조립원,816100,판금원(덕트원 포함),822100,0.1
일반기계 조립원,816100,시멘트·광물제품 생산기계 조작원,826300,0.166666667
일반기계 조립원,816100,가전제품 설치·수리원,832200,0.222222222
일반기계 조립원,816100,고무·플라스틱 제품 조립원,852400,1
일반기계 조립원,816100,재활용 처리장치·소각로 조작원,853200,0.1
자동차 조립·검사원,817100,자동차 부품 조립·검사원,817200,0.2
항공기·선박·철도기관차·전동차 등 운송장비 조립·검사원,817300,판금원(덕트원 포함),822100,0.166666667
항공기·선박·철도기관차·전동차 등 운송장비 조립·검사원,817300,시멘트·광물제품 생산기계 조작원,826300,0.25
항공기·선박·철도기관차·전동차 등 운송장비 조립·검사원,817300,가전제품 설치·수리원,832200,0.4
항공기·선박·철도기관차·전동차 등 운송장비 조립·검사원,817300,고무·플라스틱 제품 조립원,852400,0.5
항공기·선박·철도기관차·전동차 등 운송장비 조립·검사원,817300,재활용 처리장치·소각로 조작원,853200,0.166666667
금속가공 제어장치 조작원(용광로·용해로·금속가열로),821100,금속가공 기계 조작원,821200,0.25
금속가공 제어장치 조작원(용광로·용해로·금속가열로),821100,주조원,823300,0.181818182
금속가공 제어장치 조작원(용광로·용해로·금속가열로),821100,점토제품 생산기계 조작원,826200,0.125
금속가공 제어장치 조작원(용광로·용해로·금속가열로),821100,광석·석제품 생산기계 조작원,826400,0.1
금속가공 제어장치 조작원(용광로·용해로·금속가열로),821100,전자 부품·제품 생산기계 조작원,835200,0.1
금속가공 기계 조작원,821200,주조원,823300,0.181818182
금속가공 기계 조작원,821200,용접원,824100,0.125
금속가공 기계 조작원,821200,점토제품 생산기계 조작원,826200,0.125
금속가공 기계 조작원,821200,광석·석제품 생산기계 조작원,826400,0.1
판금원(덕트원 포함),822100,제관원,822301,0.25
판금원(덕트원 포함),822100,시멘트·광물제품 생산기계 조작원,826300,0.125
판금원(덕트원 포함),822100,고무·플라스틱 제품 조립원,852400,0.1
판금원(덕트원 포함),822100,재활용 처리장치·소각로 조작원,853200,0.2
단조원,823101,가전제품 설치·수리원,832200,0.166666667
단조원,823101,핸드폰(휴대폰) 수리원,841200,0.3
단조원,823101,통신장비 설치·수리원,842200,0.117647059
단조원,823101,고무·플라스틱 제품 조립원,852400,0.117647059
주조원,823300,점토제품 생산기계 조작원,826200,0.111111111
용접원,824100,통신장비 설치·수리원,842200,0.1
도장원(도장기조작원),825100,도금·금속분무기 조작원,825200,1
도장원(도장기조작원),825100,시멘트·광물제품 생산기계 조작원,826300,0.1
도장원(도장기조작원),825100,가전제품 설치·수리원,832200,0.142857143
도금·금속분무기 조작원,825200,시멘트·광물제품 생산기계 조작원,826300,0.1
도금·금속분무기 조작원,825200,가전제품 설치·수리원,832200,0.142857143
유리·유리제품 생산기계 조작원,826100,점토제품 생산기계 조작원,826200,0.125
유리·유리제품 생산기계 조작원,826100,시멘트·광물제품 생산기계 조작원,826300,0.222222222
유리·유리제품 생산기계 조작원,826100,광석·석제품 생산기계 조작원,826400,0.24
점토제품 생산기계 조작원,826200,시멘트·광물제품 생산기계 조작원,826300,0.5
점토제품 생산기계 조작원,826200,광석·석제품 생산기계 조작원,826400,0.125
점토제품 생산기계 조작원,826200,사무용 전자기기 설치·수리원(컴퓨터 제외),832100,0.166666667
점토제품 생산기계 조작원,826200,핸드폰(휴대폰) 수리원,841200,0.142857143
시멘트·광물제품 생산기계 조작원,826300,광석·석제품 생산기계 조작원,826400,0.105263158
시멘트·광물제품 생산기계 조작원,826300,사무용 전자기기 설치·수리원(컴퓨터 제외),832100,0.133333333
시멘트·광물제품 생산기계 조작원,826300,가전제품 설치·수리원,832200,0.125
시멘트·광물제품 생산기계 조작원,826300,핸드폰(휴대폰) 수리원,841200,0.1
시멘트·광물제품 생산기계 조작원,826300,고무·플라스틱 제품 조립원,852400,0.166666667
시멘트·광물제품 생산기계 조작원,826300,재활용 처리장치·소각로 조작원,853200,0.125
산업 전기공(항공기·선박·철도기관차·전동차 전기공),831100,내선 전기공,831200,0.8
산업 전기공(항공기·선박·철도기관차·전동차 전기공),831100,외선 전기공,831300,0.8
산업 전기공(항공기·선박·철도기관차·전동차 전기공),831100,가전제품 설치·수리원,832200,0.142857143
내선 전기공,831200,외선 전기공,831300,1
내선 전기공,831200,가전제품 설치·수리원,832200,0.125
외선 전기공,831300,가전제품 설치·수리원,832200,0.125
사무용 전자기기 설치·수리원(컴퓨터 제외),832100,가전제품 설치·수리원,832200,0.166666667
사무용 전자기기 설치·수리원(컴퓨터 제외),832100,핸드폰(휴대폰) 수리원,841200,0.3
사무용 전자기기 설치·수리원(컴퓨터 제외),832100,통신장비 설치·수리원,842200,0.117647059
사무용 전자기기 설치·수리원(컴퓨터 제외),832100,고무·플라스틱 제품 조립원,852400,0.117647059
가전제품 설치·수리원,832200,통신장비 설치·수리원,842200,0.2
가전제품 설치·수리원,832200,고무·플라스틱 제품 조립원,852400,0.222222222
핸드폰(휴대폰) 수리원,841200,전기 부품·제품 생산기계 조작원,835100,0.142857143
핸드폰(휴대폰) 수리원,841200,전자 부품·제품 생산기계 조작원,835200,0.125
핸드폰(휴대폰) 수리원,841200,통신장비 설치·수리원,842200,0.166666667
핸드폰(휴대폰) 수리원,841200,고무·플라스틱 제품 조립원,852400,0.166666667
발전·배전 장치 조작원,833000,석유·천연가스 제조 제어장치 조작원,851101,0.2
발전·배전 장치 조작원,833000,화학물 가공장치 조작원,851200,0.142857143
발전·배전 장치 조작원,833000,고무·플라스틱 제품 조립원,852400,0.153846154
발전·배전 장치 조작원,833000,재활용 처리장치·소각로 조작원,853200,0.125
전기·전자 설비 조작원,834000,전기 부품·제품 생산기계 조작원,835100,0.2
전기·전자 설비 조작원,834000,전자 부품·제품 생산기계 조작원,835200,0.181818182
전기·전자 설비 조작원,834000,고무·플라스틱 제품 조립원,852400,0.1875
전기 부품·제품 생산기계 조작원,835100,전자 부품·제품 생산기계 조작원,835200,0.8
전기 부품·제품 생산기계 조작원,835100,고무·플라스틱 제품 조립원,852400,0.166666667
전기 부품·제품 생산기계 조작원,835100,곡물 가공제품 기계 조작원,873300,0.125
전자 부품·제품 생산기계 조작원,835200,고무·플라스틱 제품 조립원,852400,0.153846154
전자 부품·제품 생산기계 조작원,835200,곡물 가공제품 기계 조작원,873300,0.111111111
방송장비 설치·수리원,842100,통신장비 설치·수리원,842200,0.3
방송장비 설치·수리원,842100,통신·인터넷 케이블 설치·수리원,842301,0.153846154
방송장비 설치·수리원,842100,고무·플라스틱 제품 조립원,852400,0.1
통신장비 설치·수리원,842200,양장·양복 제조원,863200,0.1
석유·천연가스 제조 제어장치 조작원,851101,화학물 가공장치 조작원,851200,0.5
석유·천연가스 제조 제어장치 조작원,851101,재활용 처리장치·소각로 조작원,853200,0.111111111
타이어·고무제품 생산기계 조작원,852100,플라스틱제품 생산기계 조작원,852200,0.285714286
타이어·고무제품 생산기계 조작원,852100,화학제품 생산기계 조작원(고무·플라스틱 제외),852300,0.142857143
플라스틱제품 생산기계 조작원,852200,화학제품 생산기계 조작원(고무·플라스틱 제외),852300,0.222222222
플라스틱제품 생산기계 조작원,852200,재활용 처리장치·소각로 조작원,853200,0.111111111
화학제품 생산기계 조작원(고무·플라스틱 제외),852300,재활용 처리장치·소각로 조작원,853200,0.125
고무·플라스틱 제품 조립원,852400,재활용 처리장치·소각로 조작원,853200,0.1
상·하수도 처리장치 조작원,853100,재활용 처리장치·소각로 조작원,853200,0.333333333
표백·염색기 조작원,861300,재단사,862200,0.2
표백·염색기 조작원,861300,양장·양복 제조원,863200,0.166666667
패턴사,862100,제화원,864100,0.3
재단사,862200,세탁 기계 조작원,864300,0.375
재봉사,862300,양장·양복 제조원,863200,0.125
재봉사,862300,세탁 기계 조작원,864300,0.1875
신발 제조기계 조작원 및 조립원,864200,세탁 기계 조작원,864300,0.181818182
육류·어패류·낙농품 가공기계 조작원,873100,곡물 가공제품 기계 조작원,873300,0.2
육류·어패류·낙농품 가공기계 조작원,873100,과실·채소 기계 조작원,873400,0.5
육류·어패류·낙농품 가공기계 조작원,873100,음료 제조기계 조작원,873500,0.5
제분·도정 기계 조작원,873200,곡물 가공제품 기계 조작원,873300,0.142857143
제분·도정 기계 조작원,873200,과실·채소 기계 조작원,873400,0.25
제분·도정 기계 조작원,873200,음료 제조기계 조작원,873500,0.25
곡물 가공제품 기계 조작원,873300,과실·채소 기계 조작원,873400,0.166666667
곡물 가공제품 기계 조작원,873300,음료 제조기계 조작원,873500,0.166666667
과실·채소 기계 조작원,873400,음료 제조기계 조작원,873500,1
곡식작물 재배원,901100,채소·특용작물 재배원,901200,0.142857143
곡식작물 재배원,901100,과수작물 재배원,901300,0.142857143
채소·특용작물 재배원,901200,과수작물 재배원,901300,0.5
원예작물 재배원,901400,조림·산림경영인 및 벌목원,903100,0.333333333
낙농 종사원,902100,가축 사육 종사원,902200,0.1875
